radar,lat,lon,asl.min,stratum,selection_hash,held_out
KABR,45.4558333333333,-98.4130555555556,386,2_1,24f994c886c510f78ed7a861b5222f5ec928aa77c460f3c361b669b8c997cc95,False
KABX,35.1497222222222,-106.823888888889,1492,1_0,c18ccc2f73f85437dc6b113432ee13f9c1f5c887e81f71951c56705b3f425909,False
KAKQ,36.9838888888889,-77.0072222222222,0,4_0,a0722753b678ef64ba92756314f1e5f84a55d185555ab2f9ec1b9fbf8cddab5b,False
KAMA,35.2333333333333,-101.709166666667,895,1_0,a5fa8ac828fa873ea21238d53fde1cf256c108543fa5420b1fb94ce251a8b9e1,False
KAMX,25.6111111111111,-80.4127777777778,-1,3_0,bf6b35e16629d4790b0b5e7772f27b473b62a3c425385235e9210ec18febd0b8,False
KAPX,44.9072222222222,-84.7197222222222,213,3_1,4a3c7e58b5bfd1fd8859d4f55cf9bc3f68069d84c0f9e3201af440dfc200a919,False
KARX,43.8227777777778,-91.1911111111111,190,2_1,5570bac0d769384add91ac8483f4a772e4a6a85560d341ae7f10a6e240d44ad2,False
KATX,48.1944444444444,-122.495833333333,-2,0_1,1c043eb10176bbda806873942b20b120d0ed4db3839f87a0e5dbd8c08a2d44cb,True
KBBX,39.4961111111111,-121.631666666667,18,0_1,b551015760fbf8ded15ab7a57e9ebb9ead85a200260b7921a9f520f4a43af0b7,False
KBGM,42.1997222222222,-75.9847222222222,238,4_1,d7ea60d76e700978576c6dca30d8cd7dd4653f7115a621cae8d1167a19b2d2fd,False
KBHX,40.4983333333333,-124.291944444444,-1,0_1,d55a930173afa41a51487e7cebb8951c33b894bb4dbe5725ba326ed223247b89,False
KBIS,46.7708333333333,-100.760555555556,487,1_1,78e838bdebf3f10db2324a5115dd57b1e3b6aa05ba8137c00985152e6c65885f,False
KBLX,45.8538888888889,-108.606666666667,910,1_1,308058aa7bb1d568c85fd1d17814a4bd6539dc7569dc7ac4eac648921ce7fac6,True
KBMX,33.1722222222222,-86.77,72,3_0,161ccba33b586ec4f0b55cd9a73b9722a5843e6ed2caf764dc4d2a0d47bcc5cf,True
KBOX,41.9558333333333,-71.1369444444445,-1,4_1,3b948331c041b74ccaae7e6580777b88286d714fe21c7b49140d3221988ce320,False
KBRO,25.9161111111111,-97.4188888888889,-1,2_0,217387a86a9d696351e3a95d7f90c8ec5f751f79625ac708026539cdb2994f7a,True
KBUF,42.9488888888889,-78.7366666666667,0,4_1,522c64b414182e61e9af0d712e47c8279f426d5f54daac9e0da2504cf496a1a5,False
KBYX,24.5975,-81.7030555555556,0,3_0,a9074da5c98dd8e963afbc78a06980e32a94469f01e322cecd0d5cc0818562d1,False
KCAE,33.9486111111111,-81.1183333333333,-2,3_0,35f0360f9d988557dab965f45f806c63e6794627e2bc8bd2a0983c465b5847d3,False
KCBW,46.0394444444444,-67.8066666666667,42,4_1,2bd0444b714e309355e00f83f481e0da2dd55f948141460ba8aca5f7deff3578,False
KCBX,43.4908333333333,-116.235555555556,690,0_1,5579c949f8a3bf617be7152178f2655a43103f5ec89d1ea91701a982258a85fa,False
KCCX,40.9230555555555,-78.0036111111111,192,4_1,cf79ebf2a180127ecf6b953be2c62fca36751d1f169418fb52ceeb8d036e7b09,False
KCLE,41.4130555555555,-81.8597222222222,0,3_1,3a388bb2a130253ce161865f3f89472d417c688a592255b323e4f114cfaa0429,False
KCLX,32.6555555555556,-81.0419444444444,-1,3_0,9a62d12574b851a72be3b01aad16e7989b144d8a8885713ce3f43f3d281727e2,False
KCRP,27.7841666666667,-97.5111111111111,-1,2_0,94356adb30cdb4f3be4ce17934a59dbca3240dec5e3d45d50ac84b91a57dd472,False
KCXX,44.5111111111111,-73.1669444444445,27,4_1,295f0ee6f0079e4c979ff00098b735b80e009d761b78ebc5333c63b5c1bbfc32,False
KCYS,41.1519444444444,-104.806111111111,1644,1_1,febf527e4f366d1d44afcbc79da8203f9eb21ff658895493223a481b052775af,False
KDAX,38.5011111111111,-121.677777777778,-3,0_1,b749de9a4a285c125765e50f2ab24272dc15f7efa9a56999080a89072d511a1a,False
KDDC,37.7608333333333,-99.9686111111111,676,2_1,3341a61882043a374fff151286989a7e2c40f2152951a7e75c5472793446d729,False
KDFX,29.2727777777778,-100.280555555556,235,1_0,11efcb780a7ad37db3d99b38e3481fcf30752685a83c01639e0ee53494e2a3c6,False
KDGX,32.28,-89.9844444444444,67,3_0,dcdc2b0a5fdd81f952e5fa34575e5b2484b94a45dcd342a98d86d7427359a1ce,False
KDIX,39.9469444444444,-74.4108333333334,0,4_1,e9baa8974e513f6e066bc25fdece08ee9f498e1c27391d5a045ee6dea4de52b0,False
KDLH,46.8369444444444,-92.2097222222222,0,2_1,bc7285d23a7e4fad3ec4245261cf07296b8179940d7802e395019444ed24b0ff,False
KDMX,41.7313888888889,-93.7227777777778,233,2_1,b0156973610772bd80f219e56a1a4377273931293c7465299ea70df10fd4c6fe,False
KDOX,38.8255555555556,-75.44,-1,4_1,080dfa3cc6b9d4f95ee503da6dabdf6b4fec5a35833cc11fecc286fee8474af2,True
KDTX,42.6997222222222,-83.4716666666667,190,3_1,9b589c3b34579ae038a5c674a26c4dfc4d983fa70d45157cb16fc1d7649258f0,False
KDVN,41.6116666666667,-90.5808333333333,120,2_1,42e75f9f920205ea9457811d14bf9f31c48dedb7b66b8242b9a35f81add64f3b,False
KDYX,32.5383333333333,-99.2541666666667,355,2_0,7009c3101058d8a8db807f5e7e601c89ef942e06ec9d49d4628a5edbb6af75e2,False
KEAX,38.8102777777778,-94.2644444444444,222,2_1,0c0c6daac27106582462f88505ac01c0730ac64c43423bb5676364c771e6693a,True
KEMX,31.8936111111111,-110.630277777778,804,0_0,08589e437bdac5b5bdbc7a92757c155b94755189dba62de75402442759790063,True
KENX,42.5863888888889,-74.0638888888889,-1,4_1,4fc256a73639bb9b5d74f430b13705599e9c6970fba383a93f1ae95d40728b2c,False
KEOX,31.4605555555556,-85.4594444444444,36,3_0,f0fbc6b1f5f83b631c0108503b8d4aa4c4548bacaa1867d033f1ecfde618b0bd,False
KEPZ,31.8730555555556,-106.698055555556,1120,1_0,05aba776f166876de02d17051123e815bde379d5cd207b4aedcd48fac6eab481,True
KESX,35.7011111111111,-114.891388888889,194,0_0,6e234dda39dc0ce5afec4e2c964d62936c05f2568f535af10fd041d2483dffad,False
KEVX,30.5644444444444,-85.9213888888889,-1,3_0,9c4ada0285daf921669597be765d4a3f96df2f7d291813648288ea39b1d0bf17,False
KEWX,29.7038888888889,-98.0283333333333,111,2_0,e5f7ee3c536cbede8ea257af38bbdf2208851ffb2edc6c52f86db0327f45bebd,False
KEYX,35.0977777777778,-117.560833333333,609,0_0,4cc824e98a07cb581e68116e49766370dd405db1386825472e6c8804a9191a75,False
KFCX,37.0244444444444,-80.2738888888889,297,3_1,5355358b025ceede02ff0496aa322a47d481eb5c2fa38b182c761ceb47a84fb4,False
KFDR,34.3622222222222,-98.9763888888889,307,2_0,fd0edbfba60f1a531c4fa22dda56a12b35b39a1effe05de28b411eba3998c5d5,False
KFDX,34.6352777777778,-103.63,1287,1_0,1fa49c000dcee56703a761364af51d5622a448c1576731073741aef209840994,False
KFFC,33.3636111111111,-84.5658333333333,213,3_0,0447641684b3ce25a4af345713e24682bb400be194a0225614b4ba1075bb1fe8,True
KFSD,43.5877777777778,-96.7294444444444,371,2_1,89b4f2aa364618d193f9e546d88bcf1a381ffa55aa4aa85045637dfb0344a28c,False
KFSX,34.5744444444444,-111.197777777778,1452,0_0,859f01132bfaa6bcd506422b9105d9bf3da1da11f43326f13100a551f543fcf1,False
KFTG,39.7866666666667,-104.545833333333,1483,1_1,ba3cb1ad92c83583305ac27b7d53236bcbf751049ccae26434e2dfd45ce6dacd,False
KFWS,32.5730555555556,-97.3030555555556,130,2_0,d2cc2aff02f3e4f16e273a219e90efae5feb924f112f8cc7920b91d8fc6f4617,False
KGGW,48.2063888888889,-106.625,616,1_1,9c8fff76da0c2a97235b32e09c1f38875ea022436101a87fe5943b2604af8c8c,False
KGLD,39.3663888888889,-101.700555555556,988,1_1,06b50795c6ce686ee0e6ab4b8f3e13ad07722dc4eb9142348299c0bd4177a765,True
KGRB,44.4983333333333,-88.1113888888889,0,3_1,8d70e3e1bbbff78c061140e13d0d763274a9438907175cb9f23bbd66002135c4,False
KGRK,30.7219444444444,-97.3830555555555,105,2_0,a93808cd3c48a93b2f705523429ca0f5059357e41939c45dcd8d5897d0d80464,False
KGRR,42.8938888888889,-85.5447222222222,179,3_1,8431a9577db2fbd936d8693eabf41b0579b6d2ca82465b7cbb22d437d6fe67bc,False
KGSP,34.8833333333333,-82.22,159,3_0,732aa5d60e9b48d01a9c0e472bf7aa12f39e4264893390c9f5b509fef9689561,False
KGWX,33.8966666666667,-88.3288888888889,50,3_0,7ee8ec8602deaf27a718ae4ee8f6741f1d47b22cfbef159ebd8eecd7c20e7263,False
KGYX,43.8913888888889,-70.2566666666666,-38,4_1,0520ee1dc9c401f785a5c00fabfc25dbbab577e5934f9755dec604523471fdba,True
KHDX,33.0763888888889,-106.122777777778,1191,1_0,18f8f9a2592cdbe4e45f7e68bf50a735a6884503591da8009bee21f539713ccb,False
KHGX,29.4719444444444,-95.0791666666667,-3,2_0,8ed1e3ba6593d5c463558df4695eba79000e72e84309410a67a261bb8f2e9c03,False
KHNX,36.3141666666667,-119.632222222222,56,0_0,797686e2632d285a22b7315ba744bba82285b18d59fad316b21657e705f76625,False
KHPX,36.7366666666667,-87.285,89,3_0,228298dd48227a0c220f4788bc13bc1778b282e9edd0c49875627c17995997b9,False
KHTX,34.9305555555556,-86.0833333333333,181,3_0,03e2999bd59481451126d65416273e5987872eefcc8a280e2e05e137c7726572,True
KICT,37.6547222222222,-97.4427777777778,366,2_1,13487584b0864dac514356c16c59d5c9a09351b9d95ca871f7c919f944551575,True
KILN,39.4202777777778,-83.8216666666667,193,3_1,20dd8972549d1337174682bde32c8d19f5d6443987f2c2045e15af7222821ea6,False
KILX,40.1505555555555,-89.3369444444444,152,3_1,38b7e92347fb28154ea5857b2914aa27bb9a4da7645637e74d12f6bf86be5a8b,False
KIND,39.7075,-86.2802777777778,103,3_1,0f99b2f31f059527bf0908157ec445b707ae551a0078c168e1b7eeb2c8d879ea,True
KINX,36.175,-95.5647222222222,152,2_0,abecd0bcf564c8a62f4d0be7c206d350a3d05cc34e41de78bb6553314e03d9cb,False
KIWA,33.2891666666667,-111.67,345,0_0,70777af3ad1002efaeebd978adc5e82a15817a920b02855e8cd6145a86d16b49,False
KIWX,41.3588888888889,-85.6997222222222,236,3_1,a9d5aa5fdf8bdef34babd991041d8e9201265c901f744ba75d03de0ea6887974,False
KJAX,30.4847222222222,-81.7019444444444,-2,3_0,9d4f0b5ba14a6f042a382c4bce02a4dc04a31d4ada021c652cab4454abf8e263,False
KJGX,32.675,-83.3511111111111,18,3_0,01e6da8b9e0feab60d5d6d6c1420aeabc226bae2a48eeb89e28c6db064dc6ca1,True
KJKL,37.5908333333333,-83.3130555555556,194,3_1,66cde647115b5bd273564c983e3a0293b46bc3106f6beb1e68c4771a799db966,False
KLBB,33.6538888888889,-101.814166666667,843,1_0,c29b1b2a6222907128f9fd4ad1099acb9d1badca7f0fac5194fb6b5a8bb0b10a,False
KLCH,30.1252777777778,-93.2158333333333,-7,2_0,2c54de2c2ff46f47e315f97fe49d15100007698817ec8484e478447e693e6584,False
KLGX,47.1169444444444,-124.106666666667,-1,0_1,ed47f9515a2c9e1101d1d0bdbb8412c67609e45a7511e486563bc542d0f64925,False
KLIX,30.3366666666667,-89.8255555555556,-7,3_0,4e580f30b568db18b08f6e17da66bf6ab04c983e5887994dc6c06ab7fd84c79c,False
KLNX,41.9577777777778,-100.576388888889,811,1_1,af25c2b22b5278ffcd8456b76d97a1ec3e0e8866f9e794fc15958fa55c794202,False
KLOT,41.6047222222222,-88.0847222222222,128,3_1,43405b804919ef81094a495499a95da0ea6ad7cb8b411b22e6af377641742a49,False
KLRX,40.7397222222222,-116.802777777778,1344,0_1,9587def802c00a7955426c4a231f16ff11245f74ec1f92f2f3ae1a3aa5401d83,False
KLSX,38.6988888888889,-90.6827777777778,98,2_1,cc82b7ca9bb49cbc2455262383d222d3796aa6c464bddc2ad1e3e09b1f047921,False
KLTX,33.9894444444444,-78.4288888888889,-1,4_0,d25f926933f01cad2ae2f1d6d5cdc4dbcba610eb6e51517f331ad1b87cc846d7,False
KLVX,37.9752777777778,-85.9438888888889,114,3_1,35282b6283b5068b65050eab56b8509a01658636c9007245bb5bdaf6236a0e9e,False
KLWX,38.9752777777778,-77.4777777777778,-63,4_1,3649a4c18ef6683d5a926e41fd0c660017557623cc0a3e3cf599d46f97adf717,False
KLZK,34.8366666666667,-92.2622222222222,60,2_0,ad4a8696ff77e77fd2c2386af562eb2bbc3bc59b84437b937d97e5c506993b22,False
KMAF,31.9433333333333,-102.189166666667,797,1_0,3f9f0a160390c3d3f19fa81d428396ce97b16d0c74b30fd9793e1cfb3e74acbf,False
KMAX,42.0811111111111,-122.717222222222,412,0_1,e0126bcb29f27af2a9c1a48abde5b9680fd8b1f12ab5253584ed5e6fa1a7475f,False
KMBX,48.3925,-100.865,433,1_1,9561950690e3a97ac7b4f675ea759abcc1c1551195885aafba3a9393400578cb,False
KMHX,34.7761111111111,-76.8761111111111,-1,4_0,e56ea75fd4d7924a113414041ceb1d599fbb365888c342bcbf264b3965308c43,False
KMKX,42.9677777777778,-88.5505555555555,236,3_1,043e1e1d31d52dc996a072ccf4427fad536a6b6b804cd552ba61be5a9c69cc1c,True
KMLB,28.1133333333333,-80.6541666666667,-1,3_0,5b8680ddf175fa7713f1e22818b055b1f958af938ec96be5655ab2f86c5cb4eb,False
KMOB,30.6794444444444,-88.2397222222222,-1,3_0,7d6b1afd0a59240592bd8fc1f255e7107a8d74627b956a21a3ba9e44b6e9cb48,False
KMPX,44.8488888888889,-93.5655555555555,209,2_1,d65abde4291aff05624c59981edc0ebd30de482e4faf8b3b4daf8b3e50e656f4,False
KMQT,46.5311111111111,-87.5483333333333,0,3_1,9324d652795797e734b1b65c6fe86bd2ca4e104bc618d14d4b2eb070a92b07db,False
KMRX,36.1686111111111,-83.4016666666667,255,3_0,26c9495bed5ba2cb57f0754af66743477c86c1f7d03128ef7bd2cd28f5cfc7f0,False
KMSX,47.0411111111111,-113.986111111111,839,0_1,3b409e97030586541ec91a97a2d853de504905be3bdf2a12f4cbc2b57a71dac2,False
KMTX,41.2627777777778,-112.447777777778,1279,0_1,cc9610697d940875617817578bebdf15f5a286d7d6db0ef6da638d44c0effd10,False
KMUX,37.155,-121.898333333333,-1,0_1,4e89adaaeae9181a6cbdff3aaa91923b75130bff51efedbc6c45719a884e3c20,False
KMVX,47.5277777777778,-97.3255555555556,260,2_1,9dabf9f65dbbc6e0503e5691f93dcdac0993ab763ba4b3c2e26e03c59f32ac96,False
KMXX,32.5366666666667,-85.7897222222222,43,3_0,ff1a187d343dc26639c984df13d7cc477c27ba7991bb8852d93ea4c3a5efd40a,False
KNKX,32.9188888888889,-117.041944444444,-1,0_0,c25a5bd08cffa1c382676a0699d547ff24818f2f346f4bc953e405a582693658,False
KNQA,35.3447222222222,-89.8733333333333,57,3_0,ff2b208997169f39bea5d44888843d1f82cffa9d0a8396de4171f9d744f53f3f,False
KOAX,41.3202777777778,-96.3666666666667,301,2_1,7a4178e2c5d45346a399d1a6784037a77582bc558a84c351d5f38804ab3cea28,False
KOHX,36.2472222222222,-86.5625,51,3_0,db2270f6c25a193720919d34450fdde9c50fb18600c1dcbe51522125d61c2bc9,False
KOKX,40.8655555555556,-72.8638888888889,-1,4_1,8714cd4611f91b79b7a41f3d71e8601249174c12ee9e77d3326f0b54f6077e56,False
KOTX,47.6802777777778,-117.626666666667,394,0_1,4f9fa1214746a2aaaa9e04d2ff18a7214d7ad3664bc19db8284b0cad05c856de,False
KPAH,37.0683333333333,-88.7719444444444,89,3_1,c9c8ee5a80d1397a13218636a97b2565a715593ed369e7c045b56d083e8724e6,False
KPBZ,40.5316666666667,-80.2183333333333,203,3_1,48fdc812c8e15175a4813fcea3acc440251a10605eed2c19520698ee83b5c0a4,False
KPDT,45.6905555555556,-118.852777777778,141,0_1,5b56011e798517f69d25c00ae9a8af60fdbfc4e3c6a968537e6fca055c77e72e,False
KPOE,31.1555555555556,-92.9758333333334,25,2_0,2c066ae36bf8b4959851bfc5055dbddccb617806ec45369a83e02108979f6b54,True
KPUX,38.4594444444445,-104.181388888889,1350,1_1,7d1cd630632512cb4657b952d4e97977959d61ad79939df97337acec983192a2,False
KRAX,35.6655555555556,-78.4897222222222,25,4_0,498f828e2c70adcc9f6780d328554cd6091bd6735db43a60cc8b243d70614dbc,True
KRGX,39.7552777777778,-119.462222222222,1149,0_1,1d749be312f09e90314db438793d3f5cf045fe17d74c067137afc74af81a122b,False
KRIW,43.0661111111111,-108.477222222222,1441,1_1,c0c012940a525b3936d01464da31ee0f3a4356d9cc223a1704cf159ee4ce1c7a,False
KRLX,38.3111111111111,-81.7230555555556,165,3_1,6091fb38cc348c92b73db7c6b544597712cb5c5290f66141d263d1c536633b98,False
KRTX,45.7147222222222,-122.965555555556,2,0_1,4d91938edb32a7ee76b123a01269b62c5163f6ab1a1489b7b0e6f1519d143494,False
KSFX,43.1058333333333,-112.686111111111,1327,0_1,67e02bcdad0324405621b11198a34321a5c02bd36f24a64f8d982be7d2483e76,False
KSGF,37.2352777777778,-93.4005555555556,269,2_1,270aceba832f122f62dc3d736119399f7bb627ef66e16c72a3d0f3e5b0433cc5,False
KSHV,32.4508333333333,-93.8413888888889,37,2_0,77532cb9ddc863f28f26b664fbc9822714d26318162926858a4ad707f1d9a7f2,False
KSJT,31.3713888888889,-100.4925,523,1_0,502887d79374cfe3d56040441a5f445cedf35b8a18059a80debb30f75bfe4f36,False
KSOX,33.8177777777778,-117.635833333333,0,0_0,cc1633fdac692410a7eef0be239903c2c1b47d80a6e5f8a706c49eb535334456,False
KSRX,35.2905555555556,-94.3616666666667,114,2_0,ffb556409d00fcfe8c0929f400bd54216ec171507f93fa6bc38783045accd8f2,False
KTBW,27.7055555555556,-82.4016666666667,-1,3_0,97a0905950a5a0aa33f3c9f3189d2297447110305d42e90eda62991e5421b1b3,False
KTFX,47.4597222222222,-111.385277777778,887,0_1,106bf4a3620d462d3e40ea7bec2bb82ff3b248391830ab0e214ca0fbb87882bb,True
KTLH,30.3975,-84.3288888888889,1,3_0,3e24e3f94c5af710bbb0494fd6c4e44169683211b75e573b0f6ea5ea45e48b3e,False
KTLX,35.3330555555556,-97.2777777777778,273,2_0,b6ba06f062a778c1f9e4bcc291e941cf936bfeb2ac7e1ce235c8d02f14159a80,False
KTWX,38.9969444444444,-96.2325,273,2_1,4f15105942e98e1b63e7af8692195043504c5a4485647329d3e081df75fa5ae0,False
KTYX,43.7558333333333,-75.68,112,4_1,d09af5ed5c28783accf2a3b1b11c4e3d21e1533ffd228f160e526440a51d13f2,False
KUDX,44.125,-102.829722222222,664,1_1,d302a96667921f9d3ba77de51c0ab7cb4ba4d2f3a583cb175e4e53ddfcde1c20,False
KUEX,40.3208333333333,-98.4419444444444,509,2_1,87a2c247f909385ebff4d809477200cb3ae1120c94716c16020eba12bb5167f6,False
KVAX,30.8902777777778,-83.0016666666667,25,3_0,4710fb9f0b22cae41bd874819caed373ac3f45a551e9ea43002ea716cb70b0f9,False
KVBX,34.8380555555556,-120.395833333333,0,0_0,35e8f8b23981f212ff6ecdad4756bfc75a5d8eda633fe3c46621d693ec1ea66d,True
KVNX,36.7408333333333,-98.1277777777778,316,2_0,77a0e5d1238926e05280561b051decece5e905aa7606cdfe70320002bff30e02,False
KVTX,34.4116666666667,-119.179722222222,-1,0_0,bc5a9dc735389d176c8f693a28da84e6912c2ac82db048b72989aa805987b70e,False
KVWX,38.2602777777778,-87.7244444444444,106,3_1,0b7a422cdd3834a028cd5a9e97a05900a8424ff2e09b239f9a0a68e2b272cbd5,True
KYUX,32.4952777777778,-114.656666666667,13,0_0,8499c1b13b520bbf473b8d4b963fd5248311037bc183201506411a69db73dc1a,False
