"radar","lat","lon","height","antenna","asl.min","asl.max","asl.mean","delta"
"KABR",45.4558333333333,-98.4130555555556,397,422,386,449,404.110796,36
"KABX",35.1497222222222,-106.823888888889,1789,1814,1492,1992,1685.587528,322
"KAKQ",36.9838888888889,-77.0072222222222,34,78,0,44,24.95218,78
"KAMA",35.2333333333333,-101.709166666667,1093,1128,895,1151,1067.840152,233
"KAMX",25.6111111111111,-80.4127777777778,4,34,-1,26,1.724488,35
"KAPX",44.9072222222222,-84.7197222222222,446,476,213,463,377.522368,263
"KARX",43.8227777777778,-91.1911111111111,389,414,190,429,285.586436,224
"KATX",48.1944444444444,-122.495833333333,151,196,-2,520,34.574988,198
"KBBX",39.4961111111111,-121.631666666667,53,67,18,1219,161.562916,49
"KBGM",42.1997222222222,-75.9847222222222,490,519,238,603,389.781404,281
"KBHX",40.4983333333333,-124.291944444444,732,767,-1,1104,158.036068,768
"KBIS",46.7708333333333,-100.760555555556,505,535,487,716,557.458216,48
"KBLX",45.8538888888889,-108.606666666667,1097,1128,910,1306,1083.319032,218
"KBMX",33.1722222222222,-86.77,197,231,72,383,164.842984,159
"KBOX",41.9558333333333,-71.1369444444445,36,71,-1,149,38.166132,72
"KBRO",25.9161111111111,-97.4188888888889,7,27,-1,18,5.92504,28
"KBUF",42.9488888888889,-78.7366666666667,211,241,0,471,190.264616,241
"KBYX",24.5975,-81.7030555555556,3,27,0,15,0.059,27
"KCAE",33.9486111111111,-81.1183333333333,70,105,-2,186,98.553216,107
"KCBW",46.0394444444444,-67.8066666666667,227,262,42,455,163.722808,220
"KCBX",43.4908333333333,-116.235555555556,933,967,690,1997,964.349784,277
"KCCX",40.9230555555555,-78.0036111111111,733,757,192,771,453.12542,565
"KCLE",41.4130555555555,-81.8597222222222,233,262,0,401,186.74464,262
"KCLX",32.6555555555556,-81.0419444444444,30,70,-1,48,18.719004,71
"KCRP",27.7841666666667,-97.5111111111111,13,43,-1,36,12.315816,44
"KCXX",44.5111111111111,-73.1669444444445,97,131,27,921,149.50812,104
"KCYS",41.1519444444444,-104.806111111111,1868,1887,1644,2161,1882.166044,243
"KDAX",38.5011111111111,-121.677777777778,9,44,-3,120,13.79716,47
"KDDC",37.7608333333333,-99.9686111111111,789,814,676,841,768.952,138
"KDFX",29.2727777777778,-100.280555555556,345,364,235,567,347.7614,129
"KDGX",32.28,-89.9844444444444,151,186,67,185,107.868664,119
"KDIX",39.9469444444444,-74.4108333333334,45,70,0,97,27.551228,70
"KDLH",46.8369444444444,-92.2097222222222,435,470,0,482,326.473508,470
"KDMX",41.7313888888889,-93.7227777777778,299,334,233,341,288.721932,101
"KDOX",38.8255555555556,-75.44,15,50,-1,23,10.151504,51
"KDTX",42.6997222222222,-83.4716666666667,327,371,190,379,292.570932,181
"KDVN",41.6116666666667,-90.5808333333333,230,259,120,255,208.561924,139
"KDYX",32.5383333333333,-99.2541666666667,462,482,355,631,480.318756,127
"KEAX",38.8102777777778,-94.2644444444444,303,333,222,343,279.1228,111
"KEMX",31.8936111111111,-110.630277777778,1586,1621,804,2837,1329.366508,817
"KENX",42.5863888888889,-74.0638888888889,557,589,-1,807,278.811728,590
"KEOX",31.4605555555556,-85.4594444444444,132,164,36,177,101.307748,128
"KEPZ",31.8730555555556,-106.698055555556,1251,1285,1120,2165,1258.010316,165
"KESX",35.7011111111111,-114.891388888889,1483,1508,194,1910,806.104552,1314
"KEVX",30.5644444444444,-85.9213888888889,43,67,-1,89,24.733824,68
"KEWX",29.7038888888889,-98.0283333333333,193,234,111,424,208.857184,123
"KEYX",35.0977777777778,-117.560833333333,840,875,609,1362,814.941496,266
"KFCX",37.0244444444444,-80.2738888888889,874,904,297,1194,632.522392,607
"KFDR",34.3622222222222,-98.9763888888889,386,401,307,431,366.382388,94
"KFDX",34.6352777777778,-103.63,1417,1432,1287,1536,1408.309728,145
"KFFC",33.3636111111111,-84.5658333333333,262,296,213,325,261.16218,83
"KFSD",43.5877777777778,-96.7294444444444,436,455,371,521,454.013656,84
"KFSX",34.5744444444444,-111.197777777778,2261,2290,1452,2449,2084.1747,838
"KFTG",39.7866666666667,-104.545833333333,1675,1710,1483,1909,1653.497716,227
"KFWS",32.5730555555556,-97.3030555555556,208,237,130,321,220.87174,107
"KGGW",48.2063888888889,-106.625,694,727,616,849,701.42816,111
"KGJX",39.0622222222222,-108.213888888889,3046,3078,1401,3399,2062.56136,1677
"KGLD",39.3663888888889,-101.700555555556,1113,1132,988,1202,1108.850824,144
"KGRB",44.4983333333333,-88.1113888888889,208,246,0,305,207.949224,246
"KGRK",30.7219444444444,-97.3830555555555,164,184,105,285,175.718488,79
"KGRR",42.8938888888889,-85.5447222222222,237,267,179,311,234.913256,88
"KGSP",34.8833333333333,-82.22,287,326,159,618,268.184348,167
"KGWX",33.8966666666667,-88.3288888888889,145,180,50,207,98.728748,130
"KGYX",43.8913888888889,-70.2566666666666,125,144,-38,306,65.916664,182
"KHDX",33.0763888888889,-106.122777777778,1287,1301,1191,2612,1380.869636,110
"KHGX",29.4719444444444,-95.0791666666667,5,35,-3,34,5.713636,38
"KHNX",36.3141666666667,-119.632222222222,75,104,56,105,75.29398,48
"KHPX",36.7366666666667,-87.285,176,190,89,266,178.846456,101
"KHTX",34.9305555555556,-86.0833333333333,537,567,181,585,349.205052,386
"KICT",37.6547222222222,-97.4427777777778,407,426,366,476,412.547772,60
"KICX",37.5908333333333,-112.862222222222,3230,3278,1530,3440,2451.186016,1748
"KILN",39.4202777777778,-83.8216666666667,322,357,193,374,304.490728,164
"KILX",40.1505555555555,-89.3369444444444,177,223,152,242,188.412516,71
"KIND",39.7075,-86.2802777777778,241,270,103,316,243.759848,167
"KINX",36.175,-95.5647222222222,204,228,152,294,194.693928,76
"KIWA",33.2891666666667,-111.67,412,435,345,1495,455.780572,90
"KIWX",41.3588888888889,-85.6997222222222,290,322,236,316,268.379548,86
"KJAX",30.4847222222222,-81.7019444444444,10,49,-2,31,9.024488,51
"KJGX",32.675,-83.3511111111111,159,188,18,205,112.704444,170
"KJKL",37.5908333333333,-83.3130555555556,415,445,194,513,325.941432,251
"KLBB",33.6538888888889,-101.814166666667,993,1029,843,1058,989.246108,186
"KLCH",30.1252777777778,-93.2158333333333,4,42,-7,24,2.97722,49
"KLGX",47.1169444444444,-124.106666666667,73,108,-1,537,37.183608,109
"KLIX",30.3366666666667,-89.8255555555556,7,55,-7,44,6.340796,62
"KLNX",41.9577777777778,-100.576388888889,905,949,811,1063,910.255808,138
"KLOT",41.6047222222222,-88.0847222222222,202,232,128,257,202.221976,104
"KLRX",40.7397222222222,-116.802777777778,2056,2101,1344,2253,1518.375388,757
"KLSX",38.6988888888889,-90.6827777777778,185,220,98,277,170.714084,122
"KLTX",33.9894444444444,-78.4288888888889,20,44,-1,24,9.625116,45
"KLVX",37.9752777777778,-85.9438888888889,219,254,114,306,191.827188,140
"KLWX",38.9752777777778,-77.4777777777778,83,123,-63,406,114.116308,186
"KLZK",34.8366666666667,-92.2622222222222,173,198,60,321,99.560772,138
"KMAF",31.9433333333333,-102.189166666667,874,903,797,944,870.733536,106
"KMAX",42.0811111111111,-122.717222222222,2290,2304,412,2267,1135.501792,1892
"KMBX",48.3925,-100.865,455,485,433,518,460.950384,52
"KMHX",34.7761111111111,-76.8761111111111,9,44,-1,20,3.974964,45
"KMKX",42.9677777777778,-88.5505555555555,292,312,236,371,266.597376,76
"KMLB",28.1133333333333,-80.6541666666667,11,35,-1,25,4.243196,36
"KMOB",30.6794444444444,-88.2397222222222,63,88,-1,89,26.96878,89
"KMPX",44.8488888888889,-93.5655555555555,288,336,209,356,282.100732,127
"KMQT",46.5311111111111,-87.5483333333333,430,465,0,569,299.224424,465
"KMRX",36.1686111111111,-83.4016666666667,408,437,255,814,368.801804,182
"KMSX",47.0411111111111,-113.986111111111,2394,2431,839,2626,1467.42186,1592
"KMTX",41.2627777777778,-112.447777777778,1969,2009,1279,2182,1311.270884,730
"KMUX",37.155,-121.898333333333,1057,1082,-1,1165,267.365148,1083
"KMVX",47.5277777777778,-97.3255555555556,300,330,260,357,306.553228,70
"KMXX",32.5366666666667,-85.7897222222222,122,171,43,252,129.691112,128
"KNKX",32.9188888888889,-117.041944444444,291,321,-1,1101,231.086344,322
"KNQA",35.3447222222222,-89.8733333333333,86,133,57,138,89.028024,76
"KOAX",41.3202777777778,-96.3666666666667,350,385,301,429,367.468656,84
"KOHX",36.2472222222222,-86.5625,176,206,51,348,178.655852,155
"KOKX",40.8655555555556,-72.8638888888889,26,61,-1,96,11.109648,62
"KOTX",47.6802777777778,-117.626666666667,727,746,394,1114,689.450584,352
"KPAH",37.0683333333333,-88.7719444444444,119,154,89,185,119.0398,65
"KPBZ",40.5316666666667,-80.2183333333333,361,386,203,436,330.42008,183
"KPDT",45.6905555555556,-118.852777777778,462,481,141,1211,506.51906,340
"KPOE",31.1555555555556,-92.9758333333334,124,144,25,140,75.524508,119
"KPUX",38.4594444444445,-104.181388888889,1600,1634,1350,1806,1547.291316,284
"KRAX",35.6655555555556,-78.4897222222222,106,141,25,154,80.663236,116
"KRGX",39.7552777777778,-119.462222222222,2530,2558,1149,2532,1500.88916,1409
"KRIW",43.0661111111111,-108.477222222222,1697,1716,1441,1835,1598.794388,275
"KRLX",38.3111111111111,-81.7230555555556,329,370,165,567,287.583368,205
"KRTX",45.7147222222222,-122.965555555556,479,527,2,686,164.981904,525
"KSFX",43.1058333333333,-112.686111111111,1364,1383,1327,1889,1395.094356,56
"KSGF",37.2352777777778,-93.4005555555556,390,419,269,461,369.578372,150
"KSHV",32.4508333333333,-93.8413888888889,83,118,37,121,66.5586,81
"KSJT",31.3713888888889,-100.4925,576,611,523,769,621.943228,88
"KSOX",33.8177777777778,-117.635833333333,923,946,0,1722,326.495544,946
"KSRX",35.2905555555556,-94.3616666666667,195,225,114,587,163.74126,111
"KTBW",27.7055555555556,-82.4016666666667,12,37,-1,62,11.51688,38
"KTFX",47.4597222222222,-111.385277777778,1132,1159,887,1388,1103.05606,272
"KTLH",30.3975,-84.3288888888889,19,54,1,89,27.870392,53
"KTLX",35.3330555555556,-97.2777777777778,370,389,273,407,347.126332,116
"KTWX",38.9969444444444,-96.2325,417,431,273,490,372.7691,158
"KTYX",43.7558333333333,-75.68,563,597,112,644,396.193688,485
"KUDX",44.125,-102.829722222222,919,974,664,1063,873.869908,310
"KUEX",40.3208333333333,-98.4419444444444,602,627,509,650,579.47716,118
"KVAX",30.8902777777778,-83.0016666666667,54,101,25,79,53.060324,76
"KVBX",34.8380555555556,-120.395833333333,376,413,0,974,212.512952,413
"KVNX",36.7408333333333,-98.1277777777778,369,383,316,443,365.827192,67
"KVTX",34.4116666666667,-119.179722222222,831,855,-1,2247,609.725872,856
"KVWX",38.2602777777778,-87.7244444444444,58,190,106,190,131.51756,84
"KYUX",32.4952777777778,-114.656666666667,53,73,13,163,56.087608,60
