threshold,role,group,scale,rows,r2,rmse,bias,underprediction_fraction,sites,equal_site_rmse,equal_site_bias,equal_site_rmse_ci_low,equal_site_rmse_ci_high,run_id,depth_m
3.0,test_spatial,k1,density,763933,0.9071102430765282,30.139428396670105,-0.9855015764962668,0.4742405420370634,21,29.03576704143361,-0.6552933842477264,25.627108017523963,32.4300110758287,conus-depth1to10-lowvid-sweep-20261009-01,100
4.0,test_spatial,k1,density,763933,0.9073186738533098,30.105595213124612,-1.067730310046926,0.4731789306130249,21,28.977432142198634,-0.7331904255136362,25.449215667914537,32.42487846553089,conus-depth1to10-lowvid-sweep-20261009-01,100
5.0,test_spatial,k1,density,763933,0.9073757575871376,30.09632255510883,-1.1878562651476674,0.474274576435368,21,28.97753595567993,-0.9047938246720908,25.47837505746513,32.39870377025664,conus-depth1to10-lowvid-sweep-20261009-01,100
6.6,test_spatial,k1,density,763933,0.9077610131869042,30.03366693556112,-0.9678182131761384,0.4751908871589524,21,28.927626955561955,-0.6822004078843029,25.36100447370353,32.417981675701256,conus-depth1to10-threshold-sweep-20261009-01,100
7.0,test_spatial,k1,density,763933,0.9065529863118916,30.22969823256351,-0.8836207238589769,0.4701407060566829,21,29.11637652172149,-0.6018188862038221,25.65049820998267,32.47820910053806,conus-depth1to10-threshold-sweep-20261009-01,100
8.0,test_spatial,k1,density,763933,0.907421241577166,30.08893210907956,-0.8793268236499383,0.4726461613780266,21,28.971418769570636,-0.5281376696681301,25.48616267127202,32.38165907620488,conus-depth1to10-threshold-sweep-20261009-01,100
9.0,test_spatial,k1,density,763933,0.9073107677434908,30.106879253157505,-1.0488024061578494,0.4807987087872889,21,28.95876739218373,-0.6654197339086521,25.464553332256436,32.441657819447684,conus-depth1to10-threshold-sweep-20261009-01,100
10.0,test_spatial,k1,density,763933,0.9074633657434376,30.08208596309968,-1.0432157149396644,0.4746109933724554,21,28.96037260457378,-0.7171776926234728,25.54458499370181,32.30570581969139,conus-depth1to10-threshold-sweep-20261009-01,100
3.0,test_spatial,k2,density,650197,0.7670675135244107,52.85956184300858,-4.67212460470093,0.4853021468877894,21,51.229551216308735,-3.842952394219643,44.29755290665118,57.91539358248544,conus-depth1to10-lowvid-sweep-20261009-01,200
4.0,test_spatial,k2,density,650197,0.7677678184207686,52.78004164449438,-4.682720321436284,0.4859342630002907,21,51.14214601989844,-3.871380813167895,44.09634191246698,58.034955978768046,conus-depth1to10-lowvid-sweep-20261009-01,200
5.0,test_spatial,k2,density,650197,0.7661772650221459,52.960477926280056,-4.834265777572326,0.4857820014549436,21,51.33795781200051,-4.132565991246036,44.20628534793574,58.30282450402195,conus-depth1to10-lowvid-sweep-20261009-01,200
6.6,test_spatial,k2,density,650197,0.7691114907564908,52.627130101641015,-4.414328854178966,0.4831566432942631,21,51.021895157820786,-3.7097703711823766,44.10464711945807,57.756758349840005,conus-depth1to10-threshold-sweep-20261009-01,200
7.0,test_spatial,k2,density,650197,0.7682146803669568,52.72923742634,-4.688439372641377,0.4849960858016878,21,51.12629029376925,-3.9643306186154854,44.14225667098209,57.82627026741561,conus-depth1to10-threshold-sweep-20261009-01,200
8.0,test_spatial,k2,density,650197,0.7681239354585695,52.73955827321424,-4.5688440919456,0.4867432485846597,21,51.10418827039769,-3.781630646429475,44.170927109037834,57.76847853953896,conus-depth1to10-threshold-sweep-20261009-01,200
9.0,test_spatial,k2,density,650197,0.7689735969561553,52.64284303555413,-4.910090878170435,0.4954006247337345,21,51.006408444415754,-4.082659127122096,44.03986047870219,57.6861118754711,conus-depth1to10-threshold-sweep-20261009-01,200
10.0,test_spatial,k2,density,650197,0.7681250402949489,52.73943262710208,-5.004964607272245,0.4947961925385691,21,51.08769045495055,-4.245636653888086,44.07390066676661,57.72619629224411,conus-depth1to10-threshold-sweep-20261009-01,200
3.0,test_spatial,k3,density,566167,0.6257218968379804,71.99050450140044,-8.571193667787906,0.4886879666246885,21,69.6840762156687,-6.950170885540764,60.18195071348068,78.48915627878061,conus-depth1to10-lowvid-sweep-20261009-01,300
4.0,test_spatial,k3,density,566167,0.6264543087816774,71.9200321375055,-8.62307816881899,0.4899349485222558,21,69.66270761921494,-7.0390381442339125,60.176537252120795,78.62862482215165,conus-depth1to10-lowvid-sweep-20261009-01,300
5.0,test_spatial,k3,density,566167,0.6252565433282513,72.03524479860266,-8.769025857466586,0.4893096913101611,21,69.77095694015446,-7.316272883729606,60.15838651759836,78.78234186084454,conus-depth1to10-lowvid-sweep-20261009-01,300
6.6,test_spatial,k3,density,566167,0.6276032294446922,71.80934414433476,-8.76404744114659,0.491109513624072,21,69.56618923916626,-7.3081703616903155,60.07830733793748,78.48666467946774,conus-depth1to10-threshold-sweep-20261009-01,300
7.0,test_spatial,k3,density,566167,0.6266904708268021,71.89729399911774,-8.56119998945407,0.4860897932942047,21,69.61968495585836,-7.179984266756698,60.11457227599299,78.59479872669264,conus-depth1to10-threshold-sweep-20261009-01,300
8.0,test_spatial,k3,density,566167,0.6272287900643075,71.84543668449116,-8.687208753511095,0.4932360946505183,21,69.56910039775383,-7.293591206420568,60.00286458035521,78.50512509525716,conus-depth1to10-threshold-sweep-20261009-01,300
9.0,test_spatial,k3,density,566167,0.6265548493237556,71.91035277858887,-9.2399337039982,0.4995010306146419,21,69.62595593691208,-7.728792806222608,60.174124705940905,78.54870496117759,conus-depth1to10-threshold-sweep-20261009-01,300
10.0,test_spatial,k3,density,566167,0.6252792385859154,72.03306346205646,-9.588119479853887,0.5028463333256795,21,69.72018962230325,-8.176018913409669,60.11570865409769,78.67918452131106,conus-depth1to10-threshold-sweep-20261009-01,300
3.0,test_spatial,k4,density,499680,0.526682642904023,87.71789426926655,-14.063927150753187,0.4919408421389689,21,84.36705637131843,-11.787111990763584,72.32397445765591,95.48499288284049,conus-depth1to10-lowvid-sweep-20261009-01,400
4.0,test_spatial,k4,density,499680,0.5268709476815213,87.70044367138095,-14.12140627294639,0.4936779538904899,21,84.41273948492649,-11.840083369011822,72.41567171256143,95.609402381056,conus-depth1to10-lowvid-sweep-20261009-01,400
5.0,test_spatial,k4,density,499680,0.5265463357505336,87.73052397278491,-14.241578690484554,0.4923070765289785,21,84.45899938052463,-12.103232239852687,72.34621323573546,95.67723434233112,conus-depth1to10-lowvid-sweep-20261009-01,400
6.6,test_spatial,k4,density,499680,0.5274545633223877,87.64633671674444,-14.216288464686944,0.4934718219660582,21,84.39927357733492,-12.125885490772015,72.42096542788774,95.5574516805931,conus-depth1to10-threshold-sweep-20261009-01,400
7.0,test_spatial,k4,density,499680,0.526258474131662,87.7571901653381,-14.09524152257754,0.491068283701569,21,84.50106556373233,-12.074055024839694,72.48878446830481,95.71276510793383,conus-depth1to10-threshold-sweep-20261009-01,400
8.0,test_spatial,k4,density,499680,0.528398567086863,87.55874743076916,-14.214788705125091,0.4960494716618636,21,84.30715697206402,-12.19419961830892,72.33460420119722,95.54619478434684,conus-depth1to10-threshold-sweep-20261009-01,400
9.0,test_spatial,k4,density,499680,0.5251150632862694,87.8630306336292,-15.0124278217843,0.5049571725904579,21,84.58171064809243,-12.867278516655968,72.57329679371003,95.81787577005043,conus-depth1to10-threshold-sweep-20261009-01,400
10.0,test_spatial,k4,density,499680,0.5227960037683757,88.07730511012672,-15.395295636893126,0.5080131284021774,21,84.79522094405858,-13.341430973670914,72.711329334638,96.06731734121036,conus-depth1to10-threshold-sweep-20261009-01,400
3.0,test_spatial,k5,density,444351,0.4609765038254818,99.02360101773354,-17.420895054124696,0.4877315455574534,21,94.68589495431226,-14.56126429117988,81.2290080562763,107.58530193472828,conus-depth1to10-lowvid-sweep-20261009-01,500
4.0,test_spatial,k5,density,444351,0.4617135517655096,98.9558765973026,-17.352476063856795,0.4884111884523721,21,94.71862097388656,-14.48434185203582,81.20840312301182,107.72443252983167,conus-depth1to10-lowvid-sweep-20261009-01,500
5.0,test_spatial,k5,density,444351,0.4585943262936992,99.24217381329444,-17.52461758509657,0.4862192275926013,21,94.90581463776093,-14.84610165576298,81.37111918880042,107.94731205376264,conus-depth1to10-lowvid-sweep-20261009-01,500
6.6,test_spatial,k5,density,444351,0.4612999547667897,98.99388609475774,-17.56069600946112,0.4883909341939143,21,94.7283219495578,-14.84660634500038,81.17896250289682,107.69956754499694,conus-depth1to10-threshold-sweep-20261009-01,500
7.0,test_spatial,k5,density,444351,0.4599836539247602,99.1147569152907,-17.106863349136887,0.4846213916475939,21,94.83442180094328,-14.585544183853292,81.34724423242123,107.81336713063564,conus-depth1to10-threshold-sweep-20261009-01,500
8.0,test_spatial,k5,density,444351,0.4614670237323586,98.97853424097336,-17.4493419167277,0.4907719347992915,21,94.74195415641088,-14.891240857735731,81.25054366382005,107.73792260733148,conus-depth1to10-threshold-sweep-20261009-01,500
9.0,test_spatial,k5,density,444351,0.4581657866720492,99.28144269540182,-18.53813902023168,0.5013671624459043,21,95.00749013821977,-15.811262236358472,81.47419565867422,108.0607439071984,conus-depth1to10-threshold-sweep-20261009-01,500
10.0,test_spatial,k5,density,444351,0.4561312710069143,99.46766238171357,-18.647020710767837,0.5012703920999391,21,95.1806535595881,-16.12664945646097,81.6471735565804,108.183938794317,conus-depth1to10-threshold-sweep-20261009-01,500
3.0,test_spatiotemporal,k1,density,64643,0.9033662268544412,31.324344614474295,1.865235390928145,0.3966400074253979,21,29.638779210693272,2.23481782496525,25.02152702756565,34.46638360989807,conus-depth1to10-lowvid-sweep-20261009-01,100
4.0,test_spatiotemporal,k1,density,64643,0.9039620558022006,31.227624754107463,1.8396722376012025,0.3941958139319029,21,29.541810286425672,2.196352678629578,25.090216503927063,34.08186699811848,conus-depth1to10-lowvid-sweep-20261009-01,100
5.0,test_spatiotemporal,k1,density,64643,0.9073337534950446,30.674557792049512,1.653830602757688,0.3963151462648701,21,29.065855970592196,2.0185214512885303,24.921483482666694,33.06989373855128,conus-depth1to10-lowvid-sweep-20261009-01,100
6.6,test_spatiotemporal,k1,density,64643,0.9059271441602332,30.90649021701912,1.9276309096848776,0.3974444255371811,21,29.283455834992903,2.2936373600383297,24.896151312070774,33.680274711447225,conus-depth1to10-threshold-sweep-20261009-01,100
7.0,test_spatiotemporal,k1,density,64643,0.8997624398579639,31.90309140055103,1.8507984696940316,0.3915659854895348,21,30.106836844379636,2.207590106909029,25.24000711023161,35.13724436929563,conus-depth1to10-threshold-sweep-20261009-01,100
8.0,test_spatiotemporal,k1,density,64643,0.9061613829930096,30.867988077971827,2.0564442603509208,0.3921538294942994,21,29.207792836855106,2.4434975862788897,24.925590070759128,33.44976531736613,conus-depth1to10-threshold-sweep-20261009-01,100
9.0,test_spatiotemporal,k1,density,64643,0.9052107235302196,31.02395263776783,1.9080455166479993,0.4022245254706619,21,29.343738262122127,2.3626055575949163,24.969390818493668,33.794629857219924,conus-depth1to10-threshold-sweep-20261009-01,100
10.0,test_spatiotemporal,k1,density,64643,0.9058508384309074,30.91902233490045,1.9305375430462024,0.3940565877202481,21,29.255540910268177,2.3175813500644677,25.035084159012825,33.4774112104297,conus-depth1to10-threshold-sweep-20261009-01,100
3.0,test_spatiotemporal,k2,density,57228,0.7626787097745157,54.02947343089185,1.453456290067832,0.4050639547074858,21,51.153068046227986,2.268987217409493,43.95710625613494,58.11672136000668,conus-depth1to10-lowvid-sweep-20261009-01,200
4.0,test_spatiotemporal,k2,density,57228,0.7702527132432598,53.16031922121394,1.4984137542387383,0.4056056475850982,21,50.40100247212907,2.3064836072710486,43.216349673784286,57.317792023078034,conus-depth1to10-lowvid-sweep-20261009-01,200
5.0,test_spatiotemporal,k2,density,57228,0.7659898361869419,53.65123764523579,1.307031574857982,0.4058852310058014,21,50.91730823140682,2.0453748843145414,43.69366784452891,57.889178887168306,conus-depth1to10-lowvid-sweep-20261009-01,200
6.6,test_spatiotemporal,k2,density,57228,0.7701901483491774,53.16755705062818,1.7493215572066254,0.4044348920109037,21,50.516121915971375,2.4589124302522976,43.39222795140767,57.265781670878546,conus-depth1to10-threshold-sweep-20261009-01,200
7.0,test_spatiotemporal,k2,density,57228,0.7644869721802092,53.82324186513752,1.5525075876445935,0.4028622352694485,21,51.052350706428285,2.2698803285247053,43.85948822227631,58.11454106900533,conus-depth1to10-threshold-sweep-20261009-01,200
8.0,test_spatiotemporal,k2,density,57228,0.7658428389410163,53.66808594343266,1.6824334450619969,0.4047494233591948,21,50.82876726184887,2.4056629357567596,43.55467119288257,57.789815442422885,conus-depth1to10-threshold-sweep-20261009-01,200
9.0,test_spatiotemporal,k2,density,57228,0.767154460964056,53.51756503894965,1.3993914704713477,0.4132941916544349,21,50.78868601460848,2.198141535005145,43.55427208385911,57.67189114620024,conus-depth1to10-threshold-sweep-20261009-01,200
10.0,test_spatiotemporal,k2,density,57228,0.7683650290710458,53.378264359140296,1.2672264617982447,0.4106381491577549,21,50.54604068076538,2.0196137033649593,43.49474458607738,57.39746404013624,conus-depth1to10-threshold-sweep-20261009-01,200
3.0,test_spatiotemporal,k3,density,51120,0.6142605495790613,73.23990580466356,-1.230420190926706,0.414866979655712,21,68.72839192954571,0.6906218542907565,59.122154325527994,77.02773934148249,conus-depth1to10-lowvid-sweep-20261009-01,300
4.0,test_spatiotemporal,k3,density,51120,0.6189695119995747,72.79149044130985,-1.2293845385327755,0.4164906103286385,21,68.35639237918978,0.6615767651462622,58.74827521991602,76.71498812567285,conus-depth1to10-lowvid-sweep-20261009-01,300
5.0,test_spatiotemporal,k3,density,51120,0.6174482082317477,72.93665947509906,-1.4912633945982363,0.4182120500782472,21,68.58272511798188,0.4038845532697352,58.87496690023861,77.01218812965232,conus-depth1to10-lowvid-sweep-20261009-01,300
6.6,test_spatiotemporal,k3,density,51120,0.6208997757099359,72.60687900277726,-1.450147579877581,0.4178990610328638,21,68.20317047005517,0.3370120471683088,58.47196309241787,76.59608638647016,conus-depth1to10-threshold-sweep-20261009-01,300
7.0,test_spatiotemporal,k3,density,51120,0.6182521060224948,72.85998429491306,-1.2658056595360534,0.4105242566510172,21,68.40563825160162,0.4619486414275155,58.74057894013819,76.9102453562997,conus-depth1to10-threshold-sweep-20261009-01,300
8.0,test_spatiotemporal,k3,density,51120,0.6201776762103988,72.67599588120862,-1.1598938676068005,0.4182120500782472,21,68.22158797556543,0.5230464623573132,58.64666479506854,76.62958191816598,conus-depth1to10-threshold-sweep-20261009-01,300
9.0,test_spatiotemporal,k3,density,51120,0.6207767827085964,72.61865611764253,-1.6187742164731855,0.4226721439749609,21,68.28214377329023,0.2577264447159259,58.45893653017942,76.74404372698926,conus-depth1to10-threshold-sweep-20261009-01,300
10.0,test_spatiotemporal,k3,density,51120,0.6249080275249006,72.22202034183024,-1.9204691008382988,0.4262323943661972,21,67.74551220464508,-0.1810878816327276,58.088938758929714,76.17552777506927,conus-depth1to10-threshold-sweep-20261009-01,300
3.0,test_spatiotemporal,k4,density,45921,0.5211329414814498,86.08455441445368,-4.830685143438449,0.4155832843361425,21,80.64192159606911,-2.2324915436068924,69.04332774353482,90.83497181845676,conus-depth1to10-lowvid-sweep-20261009-01,400
4.0,test_spatiotemporal,k4,density,45921,0.5279132631292847,85.47294226345194,-4.771255517369779,0.4173907362644541,21,80.10976165122183,-2.1585347403350577,68.58426412645674,90.31805544436084,conus-depth1to10-lowvid-sweep-20261009-01,400
5.0,test_spatiotemporal,k4,density,45921,0.5257016152292633,85.67292158398254,-5.0632305719953274,0.417499618910738,21,80.32412278806027,-2.432928939145313,68.77450323245334,90.47321145367428,conus-depth1to10-lowvid-sweep-20261009-01,400
6.6,test_spatiotemporal,k4,density,45921,0.5227936132364772,85.93515768448967,-4.930554270061704,0.418806210666144,21,80.57672731599848,-2.3959959561059243,69.00152740996877,90.8277248715432,conus-depth1to10-threshold-sweep-20261009-01,400
7.0,test_spatiotemporal,k4,density,45921,0.5186513884598822,86.30731701722208,-4.761735958637712,0.4138847150541146,21,80.81477608814923,-2.347715270908579,69.29202045555417,91.1535257549953,conus-depth1to10-threshold-sweep-20261009-01,400
8.0,test_spatiotemporal,k4,density,45921,0.5264820818347544,85.60240438855578,-4.681343426944758,0.4180004790836436,21,80.20738689703404,-2.29030649835269,68.69863937796127,90.361429654287,conus-depth1to10-threshold-sweep-20261009-01,400
9.0,test_spatiotemporal,k4,density,45921,0.5242154125264209,85.80704362970697,-5.5876506388865,0.4291065090045948,21,80.45450663095204,-3.002139117093385,68.84713838839814,90.86017510923608,conus-depth1to10-threshold-sweep-20261009-01,400
10.0,test_spatiotemporal,k4,density,45921,0.5263865376419963,85.61104017590706,-5.800914560060765,0.4272119509592561,21,80.11687691629155,-3.362594969370529,68.46136137125661,90.4936147694535,conus-depth1to10-threshold-sweep-20261009-01,400
3.0,test_spatiotemporal,k5,density,41231,0.440492764481975,101.89186710714094,-7.715694853365016,0.4073633916228081,21,93.79994741493806,-4.297956108891342,79.49513215173849,106.35564097237555,conus-depth1to10-lowvid-sweep-20261009-01,500
4.0,test_spatiotemporal,k5,density,41231,0.4450855510223912,101.47280916572537,-7.63483934927479,0.4058596686958842,21,93.37917150556804,-4.218003477063467,79.29901247919071,105.79031987182732,conus-depth1to10-lowvid-sweep-20261009-01,500
5.0,test_spatiotemporal,k5,density,41231,0.4426847410061981,101.69208080874034,-7.96378998574871,0.4077757027479324,21,93.61011521914178,-4.6188576188479775,79.33863332173722,106.20068077965152,conus-depth1to10-lowvid-sweep-20261009-01,500
6.6,test_spatiotemporal,k5,density,41231,0.4393169635844164,101.99887347374565,-7.877338451071413,0.4074846596007858,21,93.90698674369172,-4.565158757541209,79.45438541945867,106.57455418284788,conus-depth1to10-threshold-sweep-20261009-01,500
7.0,test_spatiotemporal,k5,density,41231,0.4367630675296129,102.23091059717814,-7.398506248103462,0.4011059639591569,21,94.07047064663335,-4.272971503897713,79.81362091929827,106.79764433952714,conus-depth1to10-threshold-sweep-20261009-01,500
8.0,test_spatiotemporal,k5,density,41231,0.4434256653020675,101.62446091937495,-7.717717379441725,0.4067327981373239,21,93.528105975311,-4.5542920771077275,79.48434168584674,105.9852322706907,conus-depth1to10-threshold-sweep-20261009-01,500
9.0,test_spatiotemporal,k5,density,41231,0.4435355509582041,101.61442845730252,-8.579812530222162,0.4170648298610269,21,93.54464027509889,-5.221643905621195,79.26259203536084,106.0671019800187,conus-depth1to10-threshold-sweep-20261009-01,500
10.0,test_spatiotemporal,k5,density,41231,0.4406056385832545,101.88158883699376,-8.661604160955058,0.415561106934103,21,93.63203989771432,-5.579885761320351,79.34410184730817,106.3616974869345,conus-depth1to10-threshold-sweep-20261009-01,500
3.0,test_temporal,k1,density,330406,0.9260592218530496,28.26883433586695,2.074409556572016,0.3896569674884839,119,27.52936663089325,1.9022771345801863,25.29831751166435,29.88991316566364,conus-depth1to10-lowvid-sweep-20261009-01,100
4.0,test_temporal,k1,density,330406,0.926723862923431,28.141495663184024,2.061411802855049,0.3877502224535874,119,27.65007464756808,1.910047726621176,25.257962545623673,30.03897794369659,conus-depth1to10-lowvid-sweep-20261009-01,100
5.0,test_temporal,k1,density,330406,0.9259331703013264,28.29291991595382,2.0547548158151807,0.3884644951968184,119,27.628790440384428,1.8944967909919672,25.30626507226022,30.040079312555484,conus-depth1to10-lowvid-sweep-20261009-01,100
6.6,test_temporal,k1,density,330406,0.926365674213422,28.210192501019943,2.118143161711494,0.3870783218222429,119,27.47126526934815,1.9578324606825692,25.275144692611477,29.84305048202178,conus-depth1to10-threshold-sweep-20261009-01,100
7.0,test_temporal,k1,density,330406,0.9255695178281388,28.362290998155,2.08042880290442,0.3894723461438351,119,27.677595377494693,1.943405197590272,25.438483183218672,30.049888614719514,conus-depth1to10-threshold-sweep-20261009-01,100
8.0,test_temporal,k1,density,330406,0.9259341615061424,28.29273059927571,2.03470577290906,0.3920176994364509,119,27.673293510960445,1.9195179263550917,25.41239905220765,29.990153355751488,conus-depth1to10-threshold-sweep-20261009-01,100
9.0,test_temporal,k1,density,330406,0.9276646600869484,27.96025678867287,1.963457158770308,0.3964032130167128,119,27.286018642562524,1.8371383888977593,25.167459498806192,29.5478551924374,conus-depth1to10-threshold-sweep-20261009-01,100
10.0,test_temporal,k1,density,330406,0.9272946512801488,28.03167654800674,1.9461287729207013,0.3967664025471692,119,27.29630545202209,1.8296782835267953,25.165272556694013,29.571000082387155,conus-depth1to10-threshold-sweep-20261009-01,100
3.0,test_temporal,k2,density,285825,0.8024423239636935,50.68459540296645,1.544664534807192,0.3832274993440042,119,49.77263772165813,1.351261356559069,45.61029546283848,54.03026048760422,conus-depth1to10-lowvid-sweep-20261009-01,200
4.0,test_temporal,k2,density,285825,0.8033451071607857,50.568655602049574,1.5482131100460772,0.3840531793929852,119,49.67409582948432,1.3686674020350469,45.56554330220219,53.82568357172565,conus-depth1to10-lowvid-sweep-20261009-01,200
5.0,test_temporal,k2,density,285825,0.8028699309731252,50.62971312990504,1.46750600011639,0.385498119478702,119,49.74490082129563,1.2872516725290315,45.59669197243946,53.908195738594465,conus-depth1to10-lowvid-sweep-20261009-01,200
6.6,test_temporal,k2,density,285825,0.802553917567733,50.67027837985517,1.5759823218644122,0.384235108895303,119,49.762023969607746,1.3901752287992373,45.618291675835,53.97514811494993,conus-depth1to10-threshold-sweep-20261009-01,200
7.0,test_temporal,k2,density,285825,0.801836088442732,50.76230249680603,1.5898801773350153,0.3859704364558733,119,49.84123061076751,1.4528077630157403,45.69569593955801,54.1089168558459,conus-depth1to10-threshold-sweep-20261009-01,200
8.0,test_temporal,k2,density,285825,0.8018015184314399,50.76673008614147,1.3585800047307746,0.3907250940260649,119,49.79074428759191,1.2597877107863944,45.59613494257083,54.02872006150687,conus-depth1to10-threshold-sweep-20261009-01,200
9.0,test_temporal,k2,density,285825,0.8018700002933845,50.75795882680676,1.136516001389588,0.395220851919881,119,49.74585453788645,1.015879814827778,45.628486753806534,54.01177166943822,conus-depth1to10-threshold-sweep-20261009-01,200
10.0,test_temporal,k2,density,285825,0.8020010104961399,50.74117461916472,1.015477369867784,0.3984046182104434,119,49.79115710332222,0.8940101911820434,45.7003330192059,54.00548956096966,conus-depth1to10-threshold-sweep-20261009-01,200
3.0,test_temporal,k3,density,251466,0.6901361504571926,69.34452861283428,-0.5379540362632597,0.3869111529988149,119,68.31980976129233,-0.7302646497615228,62.82379940075711,73.80202446141654,conus-depth1to10-lowvid-sweep-20261009-01,300
4.0,test_temporal,k3,density,251466,0.6887015766403739,69.50486511347181,-0.5508151801190215,0.3871457771627178,119,68.44555123867009,-0.7443840714682476,62.940645559106336,73.8528786583119,conus-depth1to10-lowvid-sweep-20261009-01,300
5.0,test_temporal,k3,density,251466,0.6893430326351729,69.43321794125478,-0.5800152800061905,0.3871060103552766,119,68.41287532576077,-0.7124615095571697,62.928548719409264,73.86578733267679,conus-depth1to10-lowvid-sweep-20261009-01,300
6.6,test_temporal,k3,density,251466,0.6894913071806604,69.41664595243378,-0.4896534919296401,0.3875474219178736,119,68.30044479835452,-0.5968565586582617,62.86258205643263,73.79721885717433,conus-depth1to10-threshold-sweep-20261009-01,300
7.0,test_temporal,k3,density,251466,0.6881742140175879,69.56371339953158,-0.4440978125784191,0.3875752586830824,119,68.50059336159353,-0.6057987265329341,63.02095444515207,74.03443863048827,conus-depth1to10-threshold-sweep-20261009-01,300
8.0,test_temporal,k3,density,251466,0.6874702044568304,69.6421961786623,-0.7380893041509422,0.392204115069234,119,68.4585316404434,-0.802962927763418,62.99701804415382,73.98608164289004,conus-depth1to10-threshold-sweep-20261009-01,300
9.0,test_temporal,k3,density,251466,0.6877395632591056,69.61217858923486,-1.162180222341055,0.3981532294624323,119,68.55597318700653,-1.1796846623165949,63.07570886940466,74.11279361711118,conus-depth1to10-threshold-sweep-20261009-01,300
10.0,test_temporal,k3,density,251466,0.6866840082149941,69.72973670006085,-1.484884763785567,0.4028417360597456,119,68.62506032443878,-1.6552881114564475,63.07935303616039,74.20397761142233,conus-depth1to10-threshold-sweep-20261009-01,300
3.0,test_temporal,k4,density,223770,0.5972663007841132,83.40864821499402,-2.330924041002975,0.3861018009563391,118,81.73330028377538,-2.8535162354859205,74.7397969213106,88.51097465970138,conus-depth1to10-lowvid-sweep-20261009-01,400
4.0,test_temporal,k4,density,223770,0.5972336133809115,83.41203302833438,-2.3794572032035948,0.3858023863788711,118,81.71068917632668,-2.8841048553913726,74.79897997929966,88.42693136429168,conus-depth1to10-lowvid-sweep-20261009-01,400
5.0,test_temporal,k4,density,223770,0.5967804141798035,83.45894811364937,-2.333229076560885,0.3847075121776824,118,81.74537337485015,-2.8487582955888433,74.76894507599069,88.51148096941121,conus-depth1to10-lowvid-sweep-20261009-01,400
6.6,test_temporal,k4,density,223770,0.5974334765379776,83.39133485009688,-2.320418372442455,0.3859945479733655,118,81.7128272619225,-2.74116857928888,74.83918535871494,88.42773243097251,conus-depth1to10-threshold-sweep-20261009-01,400
7.0,test_temporal,k4,density,223770,0.5958338296828471,83.55685337241724,-2.29306419332852,0.386803414219958,118,81.86882160744122,-2.7507823350702014,74.96679417348155,88.671372016028,conus-depth1to10-threshold-sweep-20261009-01,400
8.0,test_temporal,k4,density,223770,0.5936150276985551,83.78589574855957,-2.686373060993192,0.3918487732940072,118,82.1319240468266,-3.100355102050511,75.13138261042695,88.94475457769728,conus-depth1to10-threshold-sweep-20261009-01,400
9.0,test_temporal,k4,density,223770,0.5927029973700957,83.87986139379817,-3.2585026308797027,0.3978013138490414,118,82.13293527840041,-3.663340635532169,75.08940252636927,89.14859502321919,conus-depth1to10-threshold-sweep-20261009-01,400
10.0,test_temporal,k4,density,223770,0.5911533837519315,84.03927574818739,-3.785360629865369,0.4038074808955624,118,82.36522119743671,-4.272603837076614,75.27778500920687,89.38446482065956,conus-depth1to10-threshold-sweep-20261009-01,400
3.0,test_temporal,k5,density,199570,0.521693844100888,96.08219192470992,-3.8438886970099526,0.3827428972290424,118,93.5269995987811,-4.384011523044328,85.69748252461075,100.8913767032358,conus-depth1to10-lowvid-sweep-20261009-01,500
4.0,test_temporal,k5,density,199570,0.5216730663460443,96.08427882085768,-3.9827040650218386,0.3815052362579546,118,93.46302513451394,-4.484718931749947,85.73559432422681,100.8217120565842,conus-depth1to10-lowvid-sweep-20261009-01,500
5.0,test_temporal,k5,density,199570,0.5209144681514739,96.16044062427616,-3.998216696177224,0.3824923585709275,118,93.530720229155,-4.532911791353669,85.7689283604989,100.98173818432603,conus-depth1to10-lowvid-sweep-20261009-01,500
6.6,test_temporal,k5,density,199570,0.5195514675666718,96.29713192374253,-3.94116711648805,0.3821766798617027,118,93.6439245205671,-4.348187941265412,85.8248643344997,101.0855255688968,conus-depth1to10-threshold-sweep-20261009-01,500
7.0,test_temporal,k5,density,199570,0.518004462513326,96.45204177651335,-3.951930515350664,0.3828731773312622,118,93.76914511856616,-4.387595319127984,85.87286002277128,101.15598274325636,conus-depth1to10-threshold-sweep-20261009-01,500
8.0,test_temporal,k5,density,199570,0.5177200742405563,96.48049202404792,-4.483417055821005,0.3890514606403768,118,93.82216923004508,-4.937499706555698,85.87423419523395,101.35866083179668,conus-depth1to10-threshold-sweep-20261009-01,500
9.0,test_temporal,k5,density,199570,0.5145625319797771,96.79581120902252,-5.159932958412988,0.3936513504033672,118,94.15532030551876,-5.556285161426557,86.15066391688468,101.81035886418088,conus-depth1to10-threshold-sweep-20261009-01,500
10.0,test_temporal,k5,density,199570,0.5122245285109388,97.02862915119526,-5.843699362946746,0.4009520469008368,118,94.4494847182916,-6.382257728198666,86.39010047340011,102.08560639569772,conus-depth1to10-threshold-sweep-20261009-01,500
3.0,valid_report,k1,density,206310,0.9323313547396,26.64947056254149,-1.4696260938314083,0.4917405845572197,119,26.208616801856092,-1.466081173418101,24.17230457031129,28.243322146886506,conus-depth1to10-lowvid-sweep-20261009-01,100
4.0,valid_report,k1,density,206310,0.9316456700004356,26.784149466979848,-1.4535576061437845,0.4918714555765595,119,26.372008228415595,-1.4531621033186,24.305003643922124,28.434541705839223,conus-depth1to10-lowvid-sweep-20261009-01,100
5.0,valid_report,k1,density,206310,0.9318047178971178,26.75297043588679,-1.4220624427685369,0.4906160632058552,119,26.262456571392786,-1.4305401235463124,24.153610067199317,28.32908049079202,conus-depth1to10-lowvid-sweep-20261009-01,100
6.6,valid_report,k1,density,206310,0.931177777034664,26.875663364401692,-1.4415123321821823,0.4912946536765062,119,26.443173578093283,-1.4362378278991128,24.274749172444434,28.61218362119414,conus-depth1to10-threshold-sweep-20261009-01,100
7.0,valid_report,k1,density,206310,0.9314061435078568,26.83103678861304,-1.4465258087036772,0.4917211962580582,119,26.39475610107349,-1.4565210393823618,24.344889433374668,28.479397489880487,conus-depth1to10-threshold-sweep-20261009-01,100
8.0,valid_report,k1,density,206310,0.931841977295266,26.745661016985256,-1.5318882468959896,0.4972323202947021,119,26.282847395442772,-1.496809902686668,24.22641513208395,28.36441451519004,conus-depth1to10-threshold-sweep-20261009-01,100
9.0,valid_report,k1,density,206310,0.9321525689374616,26.684652322334287,-1.6401942518050583,0.5033444816053512,119,26.295039417990665,-1.6383304635102889,24.228630469083075,28.39178788163742,conus-depth1to10-threshold-sweep-20261009-01,100
10.0,valid_report,k1,density,206310,0.930815438198616,26.94631868751359,-1.670450516140709,0.5048422277155736,119,26.597531390995258,-1.6646095269820609,24.51299794942833,28.689582702340697,conus-depth1to10-threshold-sweep-20261009-01,100
3.0,valid_report,k2,density,173488,0.8086689168356445,49.73296962720356,-4.363484821668323,0.4818085400719358,119,49.11539871531908,-4.456152358109612,44.68762605205823,53.600886881902795,conus-depth1to10-lowvid-sweep-20261009-01,200
4.0,valid_report,k2,density,173488,0.8064098310386442,50.02571179167261,-4.431828926509658,0.4822869593285991,119,49.42071053719474,-4.505625514414651,44.99029287469005,53.90677085957166,conus-depth1to10-lowvid-sweep-20261009-01,200
5.0,valid_report,k2,density,173488,0.8062214957776476,50.05003977068655,-4.416471966360081,0.481946878170248,119,49.40677036732575,-4.5225294521213515,44.93652281636152,54.02119401586108,conus-depth1to10-lowvid-sweep-20261009-01,200
6.6,valid_report,k2,density,173488,0.8062172784135528,50.05058440821758,-4.386924569621797,0.4822004980171539,119,49.39084126427191,-4.476173199920643,44.87502325855536,53.90426560029113,conus-depth1to10-threshold-sweep-20261009-01,200
7.0,valid_report,k2,density,173488,0.8059225834492969,50.08862714930891,-4.391840910128665,0.4833763718528082,119,49.40890112688836,-4.479257749995879,44.98202260249224,53.874604530427526,conus-depth1to10-threshold-sweep-20261009-01,200
8.0,valid_report,k2,density,173488,0.8063642343558636,50.03160277319036,-4.619093819363668,0.4901261182329613,119,49.34732190885362,-4.658248834719092,44.94866154230798,53.808752679833695,conus-depth1to10-threshold-sweep-20261009-01,200
9.0,valid_report,k2,density,173488,0.8050285167323664,50.20386754697698,-4.863333148287514,0.4950083002858987,119,49.61134802780221,-4.914150763036035,45.19168915648554,54.07857590874888,conus-depth1to10-threshold-sweep-20261009-01,200
10.0,valid_report,k2,density,173488,0.8051352885393288,50.190119147375434,-4.971041085076085,0.4982938301208153,119,49.64392408600322,-5.036722477275533,45.26108805318483,54.03998234749626,conus-depth1to10-threshold-sweep-20261009-01,200
3.0,valid_report,k3,density,150011,0.6886137135874943,68.65742537954654,-7.327142792696974,0.4714387611575151,119,67.74189333659648,-7.382715406487225,61.67638855624589,73.63811209687724,conus-depth1to10-lowvid-sweep-20261009-01,300
4.0,valid_report,k3,density,150011,0.6845301176803371,69.10615411997468,-7.448464383113805,0.471405430268447,119,68.18440582048896,-7.494143786850755,61.969174321650634,74.06865339692074,conus-depth1to10-lowvid-sweep-20261009-01,300
5.0,valid_report,k3,density,150011,0.6851151221228031,69.04204947975505,-7.361687161561303,0.4711387831559019,119,68.13036622635757,-7.444144970624923,61.94062922505345,74.03326765093621,conus-depth1to10-lowvid-sweep-20261009-01,300
6.6,valid_report,k3,density,150011,0.6854644264510767,69.0037444033099,-7.3870490791832335,0.4715920832472285,119,68.10006450241323,-7.467875799916985,61.89883022087507,73.97452952730544,conus-depth1to10-threshold-sweep-20261009-01,300
7.0,valid_report,k3,density,150011,0.6836314370535035,69.20451564197008,-7.319862231591674,0.4714787582243969,119,68.16651985616193,-7.413138973724168,62.05823351343309,74.06209664818248,conus-depth1to10-threshold-sweep-20261009-01,300
8.0,valid_report,k3,density,150011,0.6840996775476345,69.15328369405456,-7.645747507369034,0.4794915039563765,119,68.10204971068536,-7.702725696958496,61.958574881118444,73.99768219423889,conus-depth1to10-threshold-sweep-20261009-01,300
9.0,valid_report,k3,density,150011,0.6829320899084685,69.28096328743545,-8.152625995167956,0.4859843611468492,119,68.31154858612544,-8.176901486497313,62.2192280214355,74.26598123094072,conus-depth1to10-threshold-sweep-20261009-01,300
10.0,valid_report,k3,density,150011,0.6816255152411876,69.42356316235336,-8.378131126630825,0.4912173107305464,119,68.49976243508154,-8.466348166302092,62.36526514223875,74.36571457084862,conus-depth1to10-threshold-sweep-20261009-01,300
3.0,valid_report,k4,density,132308,0.5912272356480553,84.01055721344093,-10.229684417873528,0.4675454243129667,119,82.83772455596915,-10.47983259607436,75.50249900495878,89.94309769608216,conus-depth1to10-lowvid-sweep-20261009-01,400
4.0,valid_report,k4,density,132308,0.5912448798743337,84.00874408227573,-10.33280187840494,0.4689058862653807,119,82.91040813574189,-10.56063733817792,75.52346000825732,89.96732132801817,conus-depth1to10-lowvid-sweep-20261009-01,400
5.0,valid_report,k4,density,132308,0.588358888015788,84.3047918810442,-10.250704734293954,0.4680593766061009,119,83.11030748582034,-10.479662318966431,75.72790685528244,90.2841970416764,conus-depth1to10-lowvid-sweep-20261009-01,400
6.6,valid_report,k4,density,132308,0.5886915899933858,84.27071603213108,-10.279827557505577,0.4673564712640203,119,83.08686767480607,-10.54488473594158,75.68456350305529,90.17551945188798,conus-depth1to10-threshold-sweep-20261009-01,400
7.0,valid_report,k4,density,132308,0.5874457557204891,84.398245598017,-10.307815083199374,0.4695483266317985,119,83.16180742001457,-10.559392705994336,75.77973492117347,90.272360630128,conus-depth1to10-threshold-sweep-20261009-01,400
8.0,valid_report,k4,density,132308,0.5868493079747543,84.45923268370663,-10.71053209760763,0.476917495540708,119,83.25339762580336,-10.9627562081399,75.9098653938677,90.31464206114966,conus-depth1to10-threshold-sweep-20261009-01,400
9.0,valid_report,k4,density,132308,0.5850871838979415,84.63915407443822,-11.37493063857353,0.4846721286694682,119,83.43504143839341,-11.579066180934552,76.10817903071617,90.5263611921742,conus-depth1to10-threshold-sweep-20261009-01,400
10.0,valid_report,k4,density,132308,0.5831013958107778,84.8414553692705,-11.763248106558702,0.4897814191129788,119,83.7503259993852,-12.082889867421189,76.35816044705253,90.78155908879552,conus-depth1to10-threshold-sweep-20261009-01,400
3.0,valid_report,k5,density,117820,0.5336662648118078,93.12745181224922,-12.302091735733333,0.4618825326769649,118,91.73261175238844,-12.466081603337749,84.39678937424745,98.9957403080265,conus-depth1to10-lowvid-sweep-20261009-01,500
4.0,valid_report,k5,density,117820,0.5343471749799662,93.05943765381298,-12.42055823615747,0.4614242064165677,118,91.69055022427924,-12.56921207746506,84.41341078574987,98.95276034040386,conus-depth1to10-lowvid-sweep-20261009-01,500
5.0,valid_report,k5,density,117820,0.5337563429299885,93.11845701934256,-12.40873098560002,0.4626718723476489,118,91.66362672981197,-12.55982103308472,84.43561134286406,98.94316870317223,conus-depth1to10-lowvid-sweep-20261009-01,500
6.6,valid_report,k5,density,117820,0.5317521680691684,93.31837989490442,-12.48217703443767,0.4631641487014089,118,91.8269046213732,-12.58176349808435,84.54745666008188,99.11562084506272,conus-depth1to10-threshold-sweep-20261009-01,500
7.0,valid_report,k5,density,117820,0.5319160412816768,93.30204909755338,-12.381280518428612,0.4632235613647937,118,91.83445085114764,-12.512378634002886,84.50887901666056,99.06348250665496,conus-depth1to10-threshold-sweep-20261009-01,500
8.0,valid_report,k5,density,117820,0.5301390515965413,93.47898287186251,-12.959138866416708,0.4717620098455271,118,92.03429394480374,-13.155293556938226,84.67417564664875,99.249853948458,conus-depth1to10-threshold-sweep-20261009-01,500
9.0,valid_report,k5,density,117820,0.529425311007125,93.5499553863785,-13.692966963330605,0.4789339670684094,118,92.11489098369388,-13.860445474833508,84.83311285437789,99.34309386727736,conus-depth1to10-threshold-sweep-20261009-01,500
10.0,valid_report,k5,density,117820,0.5259483317133462,93.89492998275782,-14.281968231404578,0.4857749108810049,118,92.50988329412382,-14.562222320783468,85.1932400332463,99.87612551973965,conus-depth1to10-threshold-sweep-20261009-01,500
