role,group,scale,rows,r2,rmse,bias,underprediction_fraction,sites,equal_site_rmse,equal_site_bias,equal_site_rmse_ci_low,equal_site_rmse_ci_high
valid_report,k1,density,166852,0.9199975444925387,32.350417827763366,-0.8816295918938366,0.4936710378059598,119,31.76886276551387,-0.7381244584945683,29.52444519858768,34.22011854179635
valid_report,k1,normalized,166852,0.8273714287959402,1.0709899560846596,-0.08304727416812632,0.4936710378059598,119,1.1114376070634695,-0.06923388269201043,1.0400282656385804,1.1872297973682062
valid_report,k1_gap100,density,166852,0.9199975444925387,32.350417827763366,-0.8816295918938366,0.4936710378059598,119,31.76886276551387,-0.7381244584945683,29.52444519858768,34.22011854179635
valid_report,k1_gap100,normalized,166852,0.8273714287959402,1.0709899560846596,-0.08304727416812632,0.4936710378059598,119,1.1114376070634695,-0.06923388269201043,1.0400282656385804,1.1872297973682062
valid_report,k2,density,281260,0.8432959349632254,47.27917578757372,-2.436811917767115,0.4993991324752898,119,46.47814296835775,-2.3323562642112323,42.933203629045664,50.32644582673435
valid_report,k2,normalized,281260,0.7131659450017864,1.7152439000393849,-0.18777140151302757,0.4993991324752898,119,1.7946234828275098,-0.17334571007971966,1.6535992350474313,1.9432847324791185
valid_report,k2_gap100,density,140630,0.9430570050079046,26.598740279884904,-0.8315097604064374,0.49404110076086183,119,26.240282135107076,-0.8089737631260181,24.278287292024665,28.420186568695346
valid_report,k2_gap100,normalized,140630,0.8551663766308895,0.892343662222886,-0.07021305525258714,0.49404110076086183,119,0.9413470619866412,-0.06500928509770942,0.8829840679703616,1.002058313216123
valid_report,k2_gap200,density,140630,0.7650650251891206,61.34450213203972,-4.042114075127792,0.5047571641897177,119,60.265107160314464,-3.855738765296445,55.5951067135666,65.32447531903743
valid_report,k2_gap200,normalized,140630,0.6548149005827675,2.2556254258487356,-0.3053297477734678,0.5047571641897177,119,2.356949850786181,-0.28168213506173,2.160991227402825,2.566646825250691
valid_report,k3,density,363537,0.747659581148225,61.458119002583544,-3.6079602940599513,0.5018801387479128,119,60.18225181342399,-3.4979997546321027,55.3373065093812,65.37285687780121
valid_report,k3,normalized,363537,0.6101516683798658,2.3892730995784834,-0.2903194392967173,0.5018801387479128,119,2.4830952533439636,-0.2811185412131432,2.2790107293500066,2.6963255110247215
valid_report,k3_gap100,density,121179,0.9482099728449347,23.630283739994056,-0.42135151617911537,0.49169410541430447,119,23.38216955860314,-0.34899790395209973,21.489751809693498,25.40183060255859
valid_report,k3_gap100,normalized,121179,0.8659232676696327,0.7913554963274226,-0.05323270074582077,0.49169410541430447,119,0.8498397766378782,-0.04837562131773772,0.7918002364068432,0.9107657829025801
valid_report,k3_gap200,density,121179,0.8019689962813428,54.8547765273758,-3.1656808463382817,0.5091641290982761,119,53.94718630359778,-3.1389188526761296,49.51624435921747,58.58079011149421
valid_report,k3_gap200,normalized,121179,0.6930601185273424,1.9708739362816141,-0.2529194624295813,0.5091641290982761,119,2.063157852466456,-0.25110253240325686,1.9095083786275626,2.2245075306527755
valid_report,k3_gap300,density,121179,0.5821446720047436,88.11279337591216,-7.236848519662451,0.5047821817311581,119,86.07372152208112,-7.00608250726808,78.94364075968018,93.62127210011128
valid_report,k3_gap300,normalized,121179,0.5061216799538393,3.551800985250484,-0.5648061547147506,0.5047821817311581,119,3.6767428712636483,-0.5438774699184349,3.3574878841143376,4.004418213510813
valid_report,k4,density,423804,0.6626569446158231,71.92064242296728,-5.830425962819753,0.5129470226802956,118,70.46970575040568,-5.975336466829857,64.80767725149995,76.29078443280788
valid_report,k4,normalized,423804,0.5168163881780219,3.040076716058247,-0.44417901857455144,0.5129470226802956,118,3.150790189524304,-0.45153326065194527,2.893678636383228,3.4324083383894353
valid_report,k4_gap100,density,105951,0.9458533562734776,22.154341438531183,-0.7050000804400842,0.5051674830818019,118,22.08593271915599,-0.6889478645197935,20.30322869469397,23.931310884531133
valid_report,k4_gap100,normalized,105951,0.8702562481235208,0.7290362425833253,-0.06843482175001218,0.5051674830818019,118,0.8154566220865612,-0.06639245343309637,0.7560119173985749,0.8763828790277578
valid_report,k4_gap200,density,105951,0.8143342852569262,49.435160257405705,-3.4540003733391185,0.5215146624382969,118,48.71105788052342,-3.5124001303456884,44.6673244628856,52.981624646579476
valid_report,k4_gap200,normalized,105951,0.6938593472755186,1.7955183626242823,-0.2622584963067314,0.5215146624382969,118,1.8938662075172379,-0.2676025993355189,1.7592672010867074,2.0396131917884524
valid_report,k4_gap300,density,105951,0.6358809695213371,80.29373243468463,-7.693104521846213,0.5181546186444678,118,78.89175551979629,-8.005630904266589,72.35068648642823,85.74393943972937
valid_report,k4_gap300,normalized,105951,0.5207455017971298,3.291968316724761,-0.5627407082153131,0.5181546186444678,118,3.423450099647099,-0.5854489478793901,3.139884378778016,3.738124457431279
valid_report,k4_gap400,density,105951,0.4501299394292616,106.34181606304338,-11.469598875653583,0.5069513265566158,118,103.82414478956686,-11.69436696818736,95.85864881683982,112.58173297587867
valid_report,k4_gap400,normalized,105951,0.3914645793714766,4.730309749502387,-0.8832820480261486,0.5069513265566158,118,4.87218698064392,-0.8866890419597756,4.45606090117598,5.338994602508153
valid_report,k5,density,466930,0.6106599244560517,78.12654794588028,-7.1022439121656324,0.5034180712312338,117,76.3652321090856,-7.043335434893821,70.59981874782463,82.18285455001646
valid_report,k5,normalized,466930,0.4829231725941797,3.521313178591826,-0.5179731268312611,0.5034180712312338,117,3.6476883984794206,-0.5093829482953186,3.353451832194136,3.938339856076662
valid_report,k5_gap100,density,93386,0.9660523217110497,15.926925713061905,-0.21745206536767023,0.48279185316856915,117,15.50162041144166,-0.1383071342769967,14.405531586390776,16.647909994852547
valid_report,k5_gap100,normalized,93386,0.9220760143812099,0.5299337032866822,-0.01994444574290082,0.48279185316856915,117,0.5890479891861352,-0.012474522981242775,0.548207044088612,0.6307827365302395
valid_report,k5_gap200,density,93386,0.8415519089670096,42.07195852307987,-2.6464336316568136,0.5084273874028227,117,41.237015546658235,-2.4510419636493816,37.80438813491621,44.47301783556449
valid_report,k5_gap200,normalized,93386,0.748993936166653,1.5225521978318137,-0.18794295776947353,0.5084273874028227,117,1.616912991197962,-0.1763393062253697,1.5053246446373179,1.7243996095353955
valid_report,k5_gap300,density,93386,0.6836158103943266,70.33631217241634,-6.31830068238158,0.5101407063157218,117,68.79418537757178,-6.190256774233275,63.13668008078522,74.09830421802513
valid_report,k5_gap300,normalized,93386,0.5794653452661038,2.867129751727489,-0.44318402599135137,0.5101407063157218,117,2.9885718259775196,-0.43576296702524453,2.745558308793182,3.23118079488689
valid_report,k5_gap400,density,93386,0.5253584155780753,97.59546807666824,-11.05992803497003,0.508952091319898,117,95.32739119951097,-11.000147752402421,87.83918230869367,102.86824313216123
valid_report,k5_gap400,normalized,93386,0.4419996939737746,4.385686437846505,-0.7908230883847936,0.508952091319898,117,4.517505063682558,-0.7831237531993077,4.138126615934481,4.911333594491718
valid_report,k5_gap500,density,93386,0.3755306644001093,118.41874266324118,-15.269105146452073,0.5067783179491573,117,115.74757118025639,-15.436923549907041,107.05879560797416,124.55568977033981
valid_report,k5_gap500,normalized,93386,0.33863147848330233,5.6519517902463585,-1.1479711162677853,0.5067783179491573,117,5.850414903911832,-1.1392141920454282,5.3618619389434405,6.324926055152073
valid_report,overall,density,1702383,0.7164284991948437,65.11764594524803,-4.658948683541764,0.5038425548187453,119,62.97430119227405,-4.423590336385208,58.29124972813049,67.85926955931802
valid_report,overall,normalized,1702383,0.5542031131936325,2.7421370625075823,-0.35380586100892397,0.5038425548187453,119,2.7862764021740234,-0.33228012575896193,2.564603538947292,3.012562048781869
test_temporal,k1,density,270911,0.9187654549425558,33.44973598116017,3.890001128366074,0.39185562786302514,119,33.12437709130628,3.906763591536248,30.456945615132465,35.761565687104266
test_temporal,k1,normalized,270911,0.8135941002020347,1.018304453873793,0.10051856863530301,0.39185562786302514,119,1.074840334151,0.1237141065912656,0.993416490623581,1.1514291613395315
test_temporal,k1_gap100,density,270911,0.9187654549425558,33.44973598116017,3.890001128366074,0.39185562786302514,119,33.12437709130628,3.906763591536248,30.456945615132465,35.761565687104266
test_temporal,k1_gap100,normalized,270911,0.8135941002020347,1.018304453873793,0.10051856863530301,0.39185562786302514,119,1.074840334151,0.1237141065912656,0.993416490623581,1.1514291613395315
test_temporal,k2,density,469486,0.8361913415803748,49.54980438477618,2.8286127024030856,0.42047686192985523,119,48.4790703405874,2.598291451006167,44.68272601081298,52.50312782827938
test_temporal,k2,normalized,469486,0.7064123265473747,1.6384291500478918,0.027221160963309985,0.42047686192985523,119,1.7278891945003774,0.04428312654101874,1.5995038498455456,1.857294974860101
test_temporal,k2_gap100,density,234743,0.937619705313641,28.957406804833138,1.3507596649877562,0.43252833950320135,119,28.48798144289014,1.046302629801614,26.088294858780976,30.90074450867047
test_temporal,k2_gap100,normalized,234743,0.8509838855930884,0.883363807634001,0.016342923030556095,0.43252833950320135,119,0.9505950026339157,0.010079683661554891,0.879210252200093,1.0178940109613217
test_temporal,k2_gap200,density,234743,0.7533060885046826,63.81093025711639,4.306465739818416,0.40842538435650905,119,62.36084857893444,4.1502802722107175,57.438661317256646,67.54806277182142
test_temporal,k2_gap200,normalized,234743,0.6452930112051812,2.1420944290146675,0.03809939889606385,0.40842538435650905,119,2.251126668561712,0.07848656942048261,2.078498684414919,2.4291689420519678
test_temporal,k3,density,616206,0.7528102004737844,62.0781217648518,1.3145800040541524,0.44166885749246193,118,61.114086661381435,1.075947685441831,56.463207776231584,65.93868922406257
test_temporal,k3,normalized,616206,0.614180268575935,2.2696505693448654,-0.0791307697953514,0.44166885749246193,118,2.400907227778573,-0.05827971546559014,2.215531388481535,2.5816620956534386
test_temporal,k3_gap100,density,205402,0.9455261804480035,24.880086141650608,0.49417536717693505,0.4567725728084439,118,23.997364922791736,0.4512900115097907,21.945651788905007,26.039525740758908
test_temporal,k3_gap100,normalized,205402,0.8642796834562485,0.7848640744085476,-0.01781047999301566,0.4567725728084439,118,0.8582134822674171,-0.012636109382398994,0.7884149308160584,0.9336129986239539
test_temporal,k3_gap200,density,205402,0.8035291433031702,56.367702507016986,0.40738064324203566,0.4520744686030321,118,56.00169232908847,0.04675210913418513,51.09256687530912,61.16124317631288
test_temporal,k3_gap200,normalized,205402,0.6926393032341065,1.926223623332844,-0.10155040829908257,0.4520744686030321,118,2.0504106721553508,-0.08819676437932737,1.8955383175426397,2.2016094548808898
test_temporal,k3_gap300,density,205402,0.5920813866929998,88.1177793252859,3.0421840017434882,0.4161595310659098,118,86.56056664789689,2.7298009356815167,79.89501614925716,93.18664535142416
test_temporal,k3_gap300,normalized,205402,0.5127855942839057,3.335804559382895,-0.11803142109395606,0.4161595310659098,118,3.514591333791748,-0.074006272635044,3.229691655640083,3.7939681816215702
test_temporal,k4,density,724900,0.6687495709251481,72.40707102281316,-0.5848949448992897,0.45977514139881365,118,71.96587094516856,-1.2134514736971531,66.09481651113322,78.07018583732409
test_temporal,k4,normalized,724900,0.5396577672162577,2.876869286937281,-0.21806051089059997,0.45977514139881365,118,3.033573128224237,-0.21478731016584623,2.7817650236106717,3.2755619201099138
test_temporal,k4_gap100,density,181225,0.9511093492561924,21.346797068946938,0.22184884400161553,0.47579528210787697,118,21.255696714436983,-0.1055716078978735,19.53233932026269,23.022148371099536
test_temporal,k4_gap100,normalized,181225,0.8812909930785652,0.6874391416582893,-0.03089811779758778,0.47579528210787697,118,0.7914933221116222,-0.04481217057568013,0.715611829553288,0.8669438399728344
test_temporal,k4_gap200,density,181225,0.8242065975685007,48.98694770489679,-0.9389270842842465,0.4809932404469582,118,47.807478385499905,-1.3869854401037958,44.285579979278815,51.36434753191065
test_temporal,k4_gap200,normalized,181225,0.7158232599970404,1.7084758807553566,-0.16144622814272663,0.4809932404469582,118,1.8329047375520744,-0.16666422463746616,1.699885688349925,1.9572641079287403
test_temporal,k4_gap300,density,181225,0.6458056181494625,81.2943410033367,-2.0002318299238606,0.4601738170782177,118,84.82087012180807,-3.580089320647933,74.19061586588859,97.7261127183152
test_temporal,k4_gap300,normalized,181225,0.5489057650036981,3.1400758500944823,-0.31965253930921417,0.4601738170782177,118,3.3814340917675683,-0.33769084566249946,3.0645425985358195,3.7153581218178626
test_temporal,k4_gap400,density,181225,0.4541221718163845,107.27049485622302,0.37773029060933205,0.4221382259622017,118,103.84799797285375,0.21884047386099012,95.85696918557579,111.76769887519877
test_temporal,k4_gap400,normalized,181225,0.41766345637542424,4.4557792610876525,-0.36024515831287146,0.4221382259622017,118,4.624950348304362,-0.30998199978773916,4.226264306908844,5.0121919304295135
test_temporal,k5,density,800115,0.6099640509830054,79.27299292910966,-2.1405430766344486,0.4625385100891747,117,76.22925798528534,-2.3202718676412153,70.37174521373214,81.57599872164603
test_temporal,k5,normalized,800115,0.49549659632399456,3.3853399770827486,-0.30943491180627664,0.4625385100891747,117,3.5423799918416887,-0.2959608595200216,3.2270146705787575,3.8534111532629836
test_temporal,k5_gap100,density,160023,0.9697082766435073,15.32886572046532,0.1791472836425389,0.46977621966842265,117,14.930482489660978,0.15964296906079448,13.964507663614166,15.880131371212848
test_temporal,k5_gap100,normalized,160023,0.9237095407784306,0.5159221666563233,-0.009381185016776428,0.46977621966842265,117,0.5907144274487207,-0.006456401205312568,0.5346277622673486,0.6559715664033596
test_temporal,k5_gap200,density,160023,0.8554462360953978,40.38506613875097,-0.8568728788413335,0.4819994625772545,117,39.053299904601744,-0.9453448278791898,36.338716507015775,41.68708607804177
test_temporal,k5_gap200,normalized,160023,0.7632684550886631,1.4394025952416591,-0.1225180408781735,0.4819994625772545,117,1.5803723501749718,-0.12356025464415622,1.455850237119695,1.7056997263658535
test_temporal,k5_gap300,density,160023,0.6952626799924408,70.05398357804894,-2.7403228908773434,0.4750879561063097,117,66.89771955052251,-2.78107496502908,61.768255178132804,71.64666440979158
test_temporal,k5_gap300,normalized,160023,0.6004996205707084,2.7406930968471306,-0.3062069013862827,0.4750879561063097,117,2.8663076632693287,-0.2931987101813984,2.6190670532974423,3.116877650669549
test_temporal,k5_gap400,density,160023,0.5266011639428677,100.01218361035478,-4.552459797587617,0.45960268211444605,117,96.25499572036499,-4.889840937489467,88.54786349401668,103.32676530052801
test_temporal,k5_gap400,normalized,160023,0.4622338484884536,4.251070012388205,-0.5209037512329894,0.45960268211444605,117,4.437837046843341,-0.5089607181577308,4.021828474142581,4.838722851624341
test_temporal,k5_gap500,density,160023,0.36472785660591645,121.01698997546217,-2.7322070995084884,0.42622622997944043,117,116.47356026985378,-3.1447415768691327,107.55585938283356,124.65594745633493
test_temporal,k5_gap500,normalized,160023,0.35330767766132243,5.420478151197141,-0.5881646805171614,0.42622622997944043,117,5.655585067714593,-0.5476282134115096,5.132888306501201,6.168394373099567
test_temporal,overall,density,2881618,0.7171413226165931,66.27996161887599,0.3661898542924575,0.4438825687513057,119,63.74941290999641,0.35756762431465033,59.09416964349939,68.3487887784919
test_temporal,overall,normalized,2881618,0.5630326348841691,2.626892276826496,-0.14380979505729422,0.4438825687513057,119,2.6947776560908263,-0.11148087760712205,2.481339264273038,2.911070842049284
test_spatial,k1,density,623993,0.8989401547189978,35.27539199531817,0.7641764597126248,0.4738658927263607,21,33.91486675640697,1.2551446931648105,29.694817730488836,38.25109522093333
test_spatial,k1,normalized,623993,0.7856040429162532,1.1293347989347604,-0.022626946096662895,0.4738658927263607,21,1.1145194334413637,0.014214830477612597,1.0076531829338522,1.2272188479801152
test_spatial,k1_gap100,density,623993,0.8989401547189978,35.27539199531817,0.7641764597126248,0.4738658927263607,21,33.91486675640697,1.2551446931648105,29.694817730488836,38.25109522093333
test_spatial,k1_gap100,normalized,623993,0.7856040429162532,1.1293347989347604,-0.022626946096662895,0.4738658927263607,21,1.1145194334413637,0.014214830477612597,1.0076531829338522,1.2272188479801152
test_spatial,k2,density,1060222,0.8148518687678891,49.99934984957052,-1.723994981229636,0.4978645981690627,21,48.178587129493096,-0.9682244966863678,42.105353643321344,54.02660972415505
test_spatial,k2,normalized,1060222,0.6795246507852034,1.7185192503727287,-0.15390724680207712,0.4978645981690627,21,1.7169693870727691,-0.10569036067110964,1.5217468345191456,1.9251192550240834
test_spatial,k2_gap100,density,530111,0.92951989229055,29.018198964808608,-0.9656315625136657,0.5022646200512723,21,28.367286938060552,-0.5879335594452874,25.31566846095538,31.544272218265096
test_spatial,k2_gap100,normalized,530111,0.8297863356704946,0.9297821228088553,-0.07002498094581804,0.5022646200512723,21,0.9425691648033268,-0.04935612412602203,0.8438733088644129,1.0482409945244924
test_spatial,k2_gap200,density,530111,0.7226191219454137,64.48111428626429,-2.4823583999456056,0.49346457628685314,21,61.94876550313213,-1.3485154339274483,53.83002212899313,69.71865326350189
test_spatial,k2_gap200,normalized,530111,0.615924709064394,2.245466996397041,-0.23778951265833614,0.49346457628685314,21,2.237751353893466,-0.16202459721619716,1.9799042538871117,2.5139800208167964
test_spatial,k3,density,1372455,0.7201241988631788,63.173193249661125,-3.3189288517222186,0.5055546447788817,21,60.8777358515755,-1.9074031159791756,53.23349030064481,68.01290771562836
test_spatial,k3,normalized,1372455,0.5723689120827942,2.3748764154971873,-0.2648462434653626,0.5055546447788817,21,2.368421135691305,-0.18366324476538107,2.0977255257782823,2.633962240087813
test_spatial,k3_gap100,density,457485,0.9358189458228001,25.925134336649336,-0.6882885908954429,0.5036055826967004,21,25.414229982493403,-0.27344067084504264,22.583204508092614,28.512078701953357
test_spatial,k3_gap100,normalized,457485,0.8404217654856565,0.8388461741765872,-0.05629746780394318,0.5036055826967004,21,0.8576568236323083,-0.03410179150714027,0.7783220844381755,0.9427528126230545
test_spatial,k3_gap200,density,457485,0.779215814151177,56.58487069623573,-3.620380811832767,0.5159579002590249,21,54.73255744291779,-2.2606933600953867,48.285185123056145,60.66761307862001
test_spatial,k3_gap200,normalized,457485,0.6547243450183182,1.990926763897975,-0.2542015035576543,0.5159579002590249,21,2.0067845418817853,-0.18214529835328158,1.7942614485592159,2.224344111712776
test_spatial,k3_gap300,density,457485,0.536742934727316,89.99220440679328,-5.648117152438447,0.4971004513809196,21,86.46826144544158,-3.188075316997096,75.03305288789058,97.04570739853202
test_spatial,k3_gap300,normalized,457485,0.46037761199009086,3.5003802198501734,-0.4840397590344905,0.4971004513809196,21,3.4735423710254527,-0.33474264443572144,3.06323125915558,3.880767204908189
test_spatial,k4,density,1595468,0.6327733747519291,74.10309438743174,-6.790738551698264,0.5266661568893892,21,70.99470340359962,-5.058991201102139,61.6033213992255,79.42346996271421
test_spatial,k4,normalized,1595468,0.4833070032565171,3.038071433907042,-0.4832704597354817,0.5266661568893892,21,3.00144891045172,-0.3869748071154228,2.634370717886119,3.3596832295351184
test_spatial,k4_gap100,density,398867,0.9419711436012266,22.624325052006327,-1.3732388950402379,0.5271356116199134,21,22.18567804767657,-1.0962600761055799,19.713068562535586,24.523488481710427
test_spatial,k4_gap100,normalized,398867,0.8487959811616242,0.7721456326604983,-0.09686187641658774,0.5271356116199134,21,0.7918720078155338,-0.08493387905301829,0.7115805102020853,0.8703459158839
test_spatial,k4_gap200,density,398867,0.8008380441482061,50.61698150801433,-5.135596945711621,0.5421857411116989,21,48.95666847502668,-4.00275835240225,42.89791415414817,54.353808976164956
test_spatial,k4_gap200,normalized,398867,0.6629037277056911,1.8333571026710436,-0.3282762548911475,0.5421857411116989,21,1.850884589480469,-0.27273958997743725,1.6466914459508686,2.0459026511309126
test_spatial,k4_gap300,density,398867,0.607771782946241,82.38895352527184,-9.604872382264368,0.5319918669631732,21,79.08929032736768,-7.31671290749232,68.40268689197842,88.5946714393621
test_spatial,k4_gap300,normalized,398867,0.48554287797262496,3.2763112988360397,-0.6353482683062538,0.5319918669631732,21,3.254198991432788,-0.5158326032957303,2.8467249084725044,3.641381172565764
test_spatial,k4_gap400,density,398867,0.39366707260091505,110.01452552794818,-11.049245983776832,0.5053514078627713,21,104.96149819035948,-7.820233468408403,90.43678929509635,117.89316764148772
test_spatial,k4_gap400,normalized,398867,0.3489809824444995,4.714646251762291,-0.8725954393279376,0.5053514078627713,21,4.625163362739419,-0.674393156135505,4.050762761485093,5.17999418269777
test_spatial,k5,density,1748660,0.578127523861813,81.06783035733683,-8.358107718204531,0.5176026214358423,21,76.87448279683301,-6.554552095437032,65.90025556448013,86.515770420521
test_spatial,k5,normalized,1748660,0.44658140474266816,3.5956581905589347,-0.5868610045743547,0.5176026214358423,21,3.490792443772108,-0.4802101306004501,3.0594086729265446,3.89531689041071
test_spatial,k5_gap100,density,349732,0.9649309940628312,15.993504893357214,-0.48862818397971897,0.4989935150343692,21,15.537299182983723,-0.39766883407794346,14.187662582847198,16.826027096024507
test_spatial,k5_gap100,normalized,349732,0.9129674766710303,0.5487171370361923,-0.03299908184457424,0.4989935150343692,21,0.5612843100852637,-0.027128741958069975,0.522202906025465,0.6019546649441595
test_spatial,k5_gap200,density,349732,0.8356252709838687,42.33121063154471,-3.614168030281475,0.5270121121315751,21,40.656401177620445,-3.0088323590923007,35.96480276453674,44.97373439371001
test_spatial,k5_gap200,normalized,349732,0.7235689338103102,1.553473795353443,-0.23266345007916578,0.5270121121315751,21,1.5609897164000994,-0.20271895781760724,1.416970980356167,1.6991034255013528
test_spatial,k5_gap300,density,349732,0.6695341990608903,71.56410605411467,-8.58972411584203,0.5321875035741653,21,68.17590150850624,-6.962421010578062,58.91383903656097,76.50546110505266
test_spatial,k5_gap300,normalized,349732,0.5469695321534269,2.8952486885343274,-0.545815446061619,0.5321875035741653,21,2.850355399957762,-0.4601205011141566,2.525361740517929,3.1500453839952693
test_spatial,k5_gap400,density,349732,0.49046366668325336,101.25792465979552,-13.543801419471974,0.5237324579964087,21,95.93748064955054,-10.617794075009746,81.74180659403065,108.53444306805193
test_spatial,k5_gap400,normalized,349732,0.40200025839264286,4.4522935126485965,-0.9163018540200457,0.5237324579964087,21,4.322300456031328,-0.7515275198640653,3.7741287231817404,4.834478360399668
test_spatial,k5_gap500,density,349732,0.309449308815267,124.24835379267718,-15.55421684144746,0.5060875184426933,21,117.48245045071745,-11.786044198427112,100.31944012885826,132.70667140345313
test_spatial,k5_gap500,normalized,349732,0.2947556212294231,5.807239903440206,-1.206525190866369,0.5060875184426933,21,5.6008591588925425,-0.9595549322483514,4.8817921177631005,6.271016019523329
test_spatial,overall,density,6400798,0.6854166390405465,67.49294957231791,-4.898756661383575,0.509745347376999,21,64.4004939946957,-3.4387121199984443,55.947206132041096,72.02314409561681
test_spatial,overall,normalized,6400798,0.5171732845567734,2.7668677947653904,-0.36527435706956873,0.509745347376999,21,2.706430225311634,-0.2794682043471379,2.3985858606927297,2.9982156035431107
test_spatiotemporal,k1,density,54159,0.903497969947395,34.89337095350061,5.120367413202263,0.38278033198545025,21,32.81696189301587,5.352642575711836,28.42164389542205,37.35201217019386
test_spatiotemporal,k1,normalized,54159,0.7913309344720574,0.970495058854054,0.13897475632939293,0.38278033198545025,21,0.9745127502474055,0.17430874803304372,0.8959765459122524,1.0567633253135693
test_spatiotemporal,k1_gap100,density,54159,0.903497969947395,34.89337095350061,5.120367413202263,0.38278033198545025,21,32.81696189301587,5.352642575711836,28.42164389542205,37.35201217019386
test_spatiotemporal,k1_gap100,normalized,54159,0.7913309344720574,0.970495058854054,0.13897475632939293,0.38278033198545025,21,0.9745127502474055,0.17430874803304372,0.8959765459122524,1.0567633253135693
test_spatiotemporal,k2,density,95660,0.8263639102173223,48.33200890571634,4.140845806321892,0.42125235208028433,21,45.782198558739324,4.801429633644309,40.013789302920216,51.29491128912792
test_spatiotemporal,k2,normalized,95660,0.6650764118773611,1.5244338178079748,0.08262262446712526,0.42125235208028433,21,1.537033201272727,0.13958179442513952,1.378481796407533,1.7038485450147616
test_spatiotemporal,k2_gap100,density,47830,0.9367932459167069,27.740127748746513,1.8935922045035591,0.43723604432364627,21,26.524747765098343,2.2650126700895434,23.453874291367327,29.37180815866872
test_spatiotemporal,k2_gap100,normalized,47830,0.8275800204870607,0.8497301037958495,0.040866866558829075,0.43723604432364627,21,0.8673112336144222,0.06858263031104737,0.7805936660198729,0.9601677228373934
test_spatiotemporal,k2_gap200,density,47830,0.7348122451848398,62.469604466554074,6.388099408140222,0.40526865983692245,21,59.063162510498685,7.337846597199075,51.1561766733945,66.45549251780048
test_spatiotemporal,k2_gap200,normalized,47830,0.5918055206528112,1.9813519829793722,0.12437838237542151,0.40526865983692245,21,1.9931666632962746,0.21058095853923164,1.7839642450912863,2.216924504306542
test_spatiotemporal,k3,density,126972,0.7459858193396562,59.70084032508138,2.5204643407909932,0.449823583152191,21,57.04567779435105,4.174746471194039,49.73815435171267,64.02374062487876
test_spatiotemporal,k3,normalized,126972,0.5675651965459013,2.0729028218018772,-0.007800950865043076,0.449823583152191,21,2.1019914109850855,0.09838410320241144,1.8839795623210662,2.3406592055810864
test_spatiotemporal,k3_gap100,density,42324,0.9451184118934354,23.992299795778372,0.624140828732952,0.4711747471883565,21,23.322483474757313,1.1874140891410618,20.77282064288125,25.886166712399486
test_spatiotemporal,k3_gap100,normalized,42324,0.8470502407035558,0.7661742158418157,-0.002276305526277277,0.4711747471883565,21,0.7943022549264193,0.031253017569174146,0.7153588052700984,0.8738033027659874
test_spatiotemporal,k3_gap200,density,42324,0.8059574245150186,52.968898485919894,0.9863912355545764,0.46231452603723655,21,50.87084044800012,2.6223739762406595,44.91746768040711,56.51073578885406
test_spatiotemporal,k3_gap200,normalized,42324,0.6532352227601645,1.7727037806701749,-0.05414405300116424,0.46231452603723655,21,1.805429655998476,0.03989745972437627,1.6353313611718538,1.9775954747908988
test_spatiotemporal,k3_gap300,density,42324,0.569956958416194,85.5057679356217,5.95086095808545,0.4159814762309801,21,81.43001548406176,8.714451348200397,70.32202191175391,92.28071914968253
test_spatiotemporal,k3_gap300,normalized,42324,0.44387139267545017,3.0267600999880067,0.03301750593231226,0.4159814762309801,21,3.0601652505420747,0.22400183231368387,2.7065301945968816,3.4401136331685778
test_spatiotemporal,k4,density,150108,0.6592912156415196,70.83820049460427,-0.028695114232232907,0.4724265195725744,21,66.61257251373854,2.0030217644351405,57.9362063649991,74.48902054377264
test_spatiotemporal,k4,normalized,150108,0.49768934108842133,2.62334035900683,-0.166765773204012,0.4724265195725744,21,2.6111884013181794,-0.04628105644991186,2.2863558926899077,2.9504967440009495
test_spatiotemporal,k4_gap100,density,37527,0.9527656096344808,20.417590493450202,0.022233933424295135,0.496042849148613,21,20.12928730684782,0.3663196841403934,17.603842924242166,22.445602126794572
test_spatiotemporal,k4_gap100,normalized,37527,0.8729633765129216,0.6673962521932781,-0.03595666638606915,0.496042849148613,21,0.6968842362361263,-0.019288785954511674,0.6242842543625509,0.7669554796421805
test_spatiotemporal,k4_gap200,density,37527,0.8263287124671572,46.98214433865302,-1.6129505873688432,0.5011858128813921,21,45.027478462995944,-0.1982627613824113,39.555797153734275,50.038034159720176
test_spatiotemporal,k4_gap200,normalized,37527,0.689690814842991,1.5935535981273918,-0.16692466497118214,0.5011858128813921,21,1.6228182083580407,-0.09753616230860583,1.4534330173478889,1.7881796680445992
test_spatiotemporal,k4_gap300,density,37527,0.6496042200283063,77.41200718237877,-1.590374827474738,0.4710475124576971,21,73.32389596568964,1.1812448829719207,63.53553077012456,82.10112513761685
test_spatiotemporal,k4_gap300,normalized,37527,0.5100851230001189,2.7976109738821213,-0.25959541516751944,0.4710475124576971,21,2.791312570229322,-0.11012123719736543,2.451940263729125,3.1434663256822644
test_spatiotemporal,k4_gap400,density,37527,0.4205138049804502,107.02982693172073,3.0663110244903526,0.4214299038025955,21,99.69896450709923,6.662785252010655,86.42446113388375,111.83864180639554
test_spatiotemporal,k4_gap400,normalized,37527,0.350686818919697,4.088545042927162,-0.20458634629127737,0.4214299038025955,21,4.045071943476571,0.04182195966083543,3.4960764338150283,4.603256564472724
test_spatiotemporal,k5,density,166040,0.6036226614317706,78.16355308994962,-2.221022162543972,0.47530715490243314,21,71.92606192512936,-0.2648162970913365,62.037114717613015,80.49831463560245
test_spatiotemporal,k5,normalized,166040,0.4564713473971015,3.1381266831281,-0.2872451740349479,0.47530715490243314,21,3.041196934948803,-0.16086449446080522,2.6704461961390837,3.4073378170790614
test_spatiotemporal,k5_gap100,density,33208,0.9714975816738571,14.491049047921544,-0.09212925358216593,0.4837388581064804,21,13.616525464875934,-0.022734314922455687,12.125192772047773,14.821060108381316
test_spatiotemporal,k5_gap100,normalized,33208,0.9204757608551491,0.504489139884536,-0.01710822330091285,0.4837388581064804,21,0.5177115146575914,-0.00912724385802984,0.4711050312476892,0.5663386216422616
test_spatiotemporal,k5_gap200,density,33208,0.8570193907180397,38.95829832231006,-1.5421915739346121,0.502770416767044,21,36.29388214644435,-0.9526271278752058,31.913260288240636,40.12066180378386
test_spatiotemporal,k5_gap200,normalized,33208,0.7423211530584517,1.3707508786595795,-0.14056469635805063,0.502770416767044,21,1.378836176906726,-0.10604495455258717,1.2542332278330193,1.498548636989334
test_spatiotemporal,k5_gap300,density,33208,0.7026985126620762,67.07001075826446,-3.8227651069467017,0.4961153938809925,21,62.20852034865622,-2.012506246348765,54.04235821431432,69.54308248515086
test_spatiotemporal,k5_gap300,normalized,33208,0.5710531797622879,2.4968818384137443,-0.3196184774617048,0.4961153938809925,21,2.461353075935789,-0.2177278928138843,2.2045206998909666,2.7071298888556847
test_spatiotemporal,k5_gap400,density,33208,0.5356935195826924,96.54340275504647,-4.635970487036079,0.46817032040472173,21,89.10456128035595,-1.3350136333986118,76.76559332778965,100.08130836351806
test_spatiotemporal,k5_gap400,normalized,33208,0.41911341397983737,3.832572374422612,-0.4747523636066184,0.46817032040472173,21,3.7195454763408655,-0.27987047374536017,3.2635449601673083,4.154897972262927
test_spatiotemporal,k5_gap500,density,33208,0.34021401393869855,122.47836824888981,-1.0120543912202957,0.42574078535292703,21,112.04737135853847,2.998799837088357,95.97820892489722,126.43345553389925
test_spatiotemporal,k5_gap500,normalized,33208,0.29506915981831894,5.116903185815385,-0.4841821094474531,0.42574078535292703,21,4.9175097412783835,-0.19155190733416463,4.236493920737524,5.598272621088576
test_spatiotemporal,overall,density,592939,0.705677718963615,65.05788818560762,1.046262433011346,0.45194868274814104,21,60.815458289171325,2.638790730866302,52.84931610839231,67.97731958211705
test_spatiotemporal,overall,normalized,592939,0.5222835549033478,2.425075595333557,-0.09830210802382379,0.45194868274814104,21,2.3822862463123684,0.005507261551018453,2.1179724798176203,2.650625671883116
